x,y,11,12,13
2,2,-45,-56,-60
2,2,-45,-42,-60
2,2,-45,-42,-49
2,2,-45,-56,-49
2,2,-45,-56,-60
2,2,-45,-63,-60
2,2,-55,-63,-60
2,2,-55,-63,-45
2,2,-55,-43,-45
2,2,-55,-43,-45
2,2,-55,-43,-45
2,2,-55,-56,-45
2,2,-55,-56,-45
2,2,-55,-49,-45
2,2,-55,-42,-45
2,2,-43,-42,-45
2,2,-43,-42,-45
2,2,-43,-48,-45
2,2,-41,-48,-45
2,2,-41,-48,-51
2,2,-41,-57,-51
2,2,-41,-57,-51
2,2,-46,-57,-51
2,2,-46,-62,-51
2,2,-62,-62,-51
2,2,-62,-62,-46
2,2,-62,-43,-46
2,2,-55,-43,-46
2,2,-55,-43,-59
2,2,-55,-61,-59
2,2,-44,-61,-59
2,2,-44,-61,-65
2,2,-44,-55,-65
2,2,-44,-55,-59
2,2,-44,-43,-59
2,2,-44,-56,-59
2,2,-56,-56,-59
2,2,-56,-56,-45
2,2,-56,-61,-45
2,2,-55,-61,-45
2,2,-55,-61,-64
2,2,-41,-61,-64
2,2,-41,-61,-60
2,2,-41,-52,-60
2,2,-40,-52,-60
2,2,-40,-52,-64
2,2,-40,-41,-64
2,2,-55,-41,-64
2,2,-55,-41,-45
2,2,-55,-61,-45
2,2,-55,-61,-45
2,2,-55,-61,-59
2,2,-55,-56,-59
2,2,-40,-56,-59
2,2,-40,-56,-65
2,2,-40,-47,-65
2,2,-41,-47,-65
2,2,-41,-58,-65
2,2,-54,-58,-65
2,2,-54,-58,-49
2,2,-54,-56,-49
2,2,-54,-56,-60
2,2,-54,-58,-60
2,2,-40,-58,-60
2,2,-40,-58,-59
2,2,-40,-41,-59
2,2,-55,-41,-59
2,2,-55,-41,-60
2,2,-55,-57,-60
2,2,-55,-57,-45
2,2,-55,-42,-45
2,2,-56,-42,-45
2,2,-56,-42,-61
2,2,-56,-57,-61
2,2,-55,-57,-61
2,2,-59,-57,-61
2,2,-59,-57,-64
2,2,-59,-47,-64
2,2,-41,-47,-64
2,2,-41,-47,-45
2,2,-41,-46,-45
2,2,-59,-46,-45
2,2,-59,-46,-65
2,2,-59,-47,-65
2,2,-41,-47,-65
2,2,-41,-41,-65
2,2,-59,-41,-65
2,2,-59,-57,-65
2,2,-56,-57,-65
2,2,-56,-61,-65
2,2,-56,-61,-45
2,2,-45,-61,-45
2,2,-45,-57,-45
2,2,-45,-57,-50
2,2,-45,-61,-50
2,2,-45,-61,-59
2,2,-43,-61,-59
2,2,-43,-61,-60
2,2,-43,-43,-60
2,2,-41,-43,-60
2,2,-41,-43,-45
2,2,-55,-43,-45
2,2,-55,-57,-45
2,2,-55,-57,-65
2,2,-59,-57,-65
2,2,-59,-61,-65
2,2,-45,-61,-65
2,2,-45,-43,-65
2,2,-44,-43,-65
2,2,-44,-47,-65
2,2,-44,-47,-45
2,2,-41,-47,-45
2,2,-41,-47,-65
2,2,-59,-47,-65
2,2,-59,-41,-65
2,2,-59,-57,-65
2,2,-59,-57,-49
2,2,-55,-57,-49
2,2,-55,-43,-49
2,2,-55,-43,-45
2,2,-41,-43,-45
2,2,-41,-57,-45
2,2,-41,-57,-60
2,2,-56,-57,-60
2,2,-56,-47,-60
2,2,-56,-47,-60
2,2,-56,-56,-60
2,2,-55,-56,-60
2,2,-55,-44,-60
2,2,-44,-44,-60
2,2,-44,-44,-45
2,2,-44,-41,-45
2,2,-46,-41,-45
2,2,-46,-41,-50
2,2,-46,-49,-50
2,2,-44,-49,-50
2,2,-44,-58,-50
2,2,-55,-58,-50
2,2,-55,-58,-61
2,2,-55,-58,-61
2,2,-55,-58,-45
2,2,-55,-43,-45
2,2,-60,-43,-45
2,2,-60,-43,-60
2,2,-55,-43,-60
2,2,-55,-44,-60
2,2,-55,-44,-50
2,2,-55,-44,-50
2,2,-55,-44,-60
2,2,-45,-44,-60
2,2,-45,-43,-60
2,2,-45,-43,-45
2,2,-55,-43,-45
2,2,-55,-43,-45
2,2,-55,-43,-45
2,2,-55,-43,-45
2,2,-44,-43,-45
2,2,-44,-43,-45
2,2,-44,-41,-45
2,2,-44,-41,-51
2,2,-55,-41,-51
2,2,-55,-44,-51
2,2,-55,-44,-60
2,2,-59,-44,-60
2,2,-55,-44,-60
2,2,-55,-41,-60
2,2,-55,-41,-60
2,2,-55,-58,-60
2,2,-55,-58,-51
2,2,-54,-58,-51
2,2,-54,-41,-51
2,2,-54,-41,-54
2,2,-55,-41,-54
2,2,-55,-62,-54
2,2,-55,-62,-46
2,2,-55,-62,-46
2,2,-55,-62,-60
2,2,-54,-62,-60
2,2,-54,-42,-60
2,2,-54,-42,-59
2,2,-45,-42,-59
2,2,-45,-62,-59
2,2,-59,-62,-59
2,2,-59,-57,-59
2,2,-59,-57,-59
2,2,-41,-57,-59
2,2,-41,-62,-59
2,2,-41,-62,-45
2,2,-59,-62,-45
2,2,-59,-58,-45
2,2,-59,-58,-59
2,2,-59,-57,-59
2,2,-59,-57,-49
2,2,-59,-57,-49
2,2,-59,-57,-45
2,2,-59,-47,-45
2,2,-59,-47,-63
2,2,-44,-47,-63
2,2,-44,-47,-59
2,2,-44,-62,-59
2,2,-44,-62,-46
2,2,-44,-43,-46
2,2,-44,-43,-45
2,2,-44,-47,-45
2,2,-44,-47,-45
2,2,-44,-57,-45
2,2,-44,-57,-45
2,2,-56,-57,-45
2,2,-56,-62,-45
2,2,-56,-62,-50
2,2,-55,-62,-50
2,2,-55,-62,-60
2,2,-55,-62,-60
2,2,-55,-62,-65
2,2,-55,-62,-65
2,2,-55,-57,-65
2,2,-55,-57,-61
2,2,-41,-57,-61
2,2,-41,-47,-61
2,2,-41,-47,-64
2,2,-41,-44,-64
2,2,-41,-44,-60
2,2,-41,-57,-60
2,2,-41,-57,-65
2,2,-44,-57,-65
2,2,-44,-57,-65
2,2,-44,-57,-61
2,2,-55,-57,-61
2,2,-55,-62,-61
2,2,-55,-62,-49
2,2,-59,-62,-49
2,2,-59,-57,-49
2,2,-59,-57,-60
2,2,-45,-57,-60
2,2,-45,-62,-60
2,2,-45,-42,-60
2,2,-45,-43,-60
2,2,-45,-43,-61
2,2,-55,-43,-61
2,2,-55,-47,-61
2,2,-55,-47,-63
2,2,-40,-47,-63
2,2,-40,-57,-63
2,2,-40,-57,-60
2,2,-59,-57,-60
2,2,-59,-62,-60
2,2,-59,-62,-49
2,2,-46,-62,-49
2,2,-46,-62,-59
2,2,-44,-62,-59
2,2,-44,-47,-59
2,2,-44,-47,-65
2,2,-40,-47,-65
2,2,-40,-58,-65
2,2,-40,-58,-61
2,2,-55,-58,-61
2,2,-55,-58,-60
2,2,-54,-58,-60
2,2,-54,-58,-45
2,2,-57,-58,-45
2,2,-57,-62,-45
2,2,-57,-62,-60
2,2,-55,-62,-60
2,2,-55,-57,-60
2,2,-55,-57,-59
2,2,-59,-57,-59
2,2,-59,-47,-59
2,2,-59,-47,-70
2,2,-40,-47,-70
2,2,-40,-57,-70
2,2,-40,-57,-59
2,2,-59,-57,-59
2,2,-59,-47,-59
2,2,-41,-47,-59
2,2,-41,-57,-59
2,2,-41,-57,-65
2,2,-55,-57,-65
2,2,-55,-47,-65
2,2,-55,-47,-45
2,2,-59,-47,-45
2,2,-59,-58,-45
2,2,-59,-58,-45
2,2,-59,-62,-45
2,2,-59,-62,-45
2,2,-58,-62,-45
2,2,-58,-58,-45
2,2,-58,-58,-45
2,2,-54,-58,-45
2,2,-54,-47,-45
2,2,-54,-47,-45
2,2,-54,-56,-45
2,2,-54,-56,-64
2,2,-55,-56,-64
2,2,-55,-43,-64
2,2,-55,-43,-64
2,2,-55,-56,-64
2,2,-55,-56,-64
2,2,-55,-56,-64
2,2,-55,-56,-60
2,2,-55,-44,-60
2,2,-55,-44,-61
2,2,-45,-44,-61
2,2,-45,-58,-61
2,2,-45,-58,-60
2,2,-45,-58,-60
2,2,-45,-43,-60
2,2,-45,-43,-45
2,2,-55,-43,-45
2,2,-55,-56,-45
2,2,-55,-56,-60
2,2,-59,-56,-60
2,2,-59,-43,-60
2,2,-59,-43,-59
2,2,-55,-43,-59
2,2,-55,-43,-59
2,2,-55,-43,-59
2,2,-55,-43,-45
2,2,-55,-43,-45
2,2,-55,-47,-45
2,2,-55,-47,-60
2,2,-59,-47,-60
2,2,-41,-47,-60
2,2,-41,-62,-60
2,2,-41,-62,-64
2,2,-41,-57,-64
2,2,-55,-57,-64
2,2,-55,-57,-64
2,2,-55,-57,-63
2,2,-59,-57,-63
2,2,-59,-42,-63
2,2,-54,-42,-63
2,2,-54,-42,-49
2,2,-45,-42,-49
2,2,-45,-56,-49
2,2,-45,-56,-60
2,2,-54,-56,-60
2,2,-54,-56,-64
2,2,-59,-56,-64
2,2,-59,-57,-64
2,2,-59,-57,-61
2,2,-55,-57,-61
2,2,-55,-62,-61
2,2,-44,-62,-61
2,2,-44,-62,-59
2,2,-44,-61,-59
2,2,-44,-61,-64
2,2,-40,-61,-64
2,2,-40,-41,-64
2,2,-40,-41,-60
2,2,-41,-41,-60
2,2,-41,-43,-60
2,2,-41,-43,-64
2,2,-45,-43,-64
2,2,-45,-47,-64
2,2,-45,-47,-45
2,2,-55,-47,-45
2,2,-55,-47,-45
2,2,-55,-47,-60
2,2,-44,-47,-60
2,2,-44,-57,-60
2,2,-44,-57,-60
2,2,-44,-47,-60
2,2,-44,-47,-60
2,2,-45,-47,-60
2,2,-45,-41,-60
2,2,-45,-41,-49
2,2,-41,-41,-49
2,2,-41,-44,-49
2,2,-41,-44,-45
2,2,-56,-44,-45
2,2,-56,-47,-45
2,2,-56,-47,-49
2,2,-55,-47,-49
2,2,-55,-47,-60
2,2,-55,-61,-60
2,2,-55,-61,-44
2,2,-42,-61,-44
2,2,-42,-43,-44
2,2,-42,-43,-45
2,2,-56,-43,-45
2,2,-56,-47,-45
2,2,-56,-47,-65
2,2,-44,-47,-65
2,2,-44,-56,-65
2,2,-44,-56,-45
2,2,-55,-56,-45
2,2,-55,-47,-45
2,2,-59,-47,-45
2,2,-59,-57,-45
2,2,-59,-57,-61
2,2,-54,-57,-61
2,2,-54,-62,-61
2,2,-54,-62,-60
2,2,-45,-62,-60
2,2,-45,-43,-60
2,2,-43,-43,-60
2,2,-43,-56,-60
2,2,-43,-56,-45
2,2,-43,-43,-45
2,2,-55,-43,-45
2,2,-55,-62,-45
2,2,-55,-62,-60
2,2,-44,-62,-60
2,2,-44,-43,-60
2,2,-55,-43,-60
2,2,-55,-57,-60
2,2,-55,-57,-64
2,2,-44,-57,-64
2,2,-44,-43,-64
2,2,-44,-43,-45
2,2,-41,-43,-45
2,2,-41,-41,-45
2,2,-59,-41,-45
2,2,-59,-57,-45
2,2,-59,-57,-45
2,2,-53,-57,-45
2,2,-53,-41,-45
2,2,-53,-41,-65
2,2,-40,-41,-65
2,2,-40,-61,-65
2,2,-40,-61,-60
2,2,-45,-61,-60
2,2,-45,-61,-65
2,2,-56,-61,-65
2,2,-56,-47,-65
2,2,-56,-47,-45
2,2,-55,-47,-45
2,2,-55,-57,-45
2,2,-55,-57,-63
2,2,-40,-57,-63
2,2,-40,-47,-63
2,2,-40,-47,-61
2,2,-40,-41,-61
2,2,-40,-41,-59
2,2,-58,-41,-59
2,2,-58,-41,-63
2,2,-58,-43,-63
2,2,-58,-43,-60
2,2,-54,-43,-60
2,2,-44,-43,-60
2,2,-44,-44,-60
2,2,-44,-44,-45
2,2,-55,-44,-45
2,2,-55,-44,-61
2,2,-42,-44,-61
2,2,-42,-44,-61
2,2,-42,-44,-65
2,2,-55,-44,-65
2,2,-55,-47,-65
2,2,-55,-47,-45
2,2,-55,-47,-45
2,2,-55,-40,-45
2,2,-55,-40,-45
2,2,-59,-40,-45
2,2,-59,-61,-45
2,2,-59,-61,-61
2,2,-46,-61,-61
2,2,-46,-43,-61
2,2,-46,-43,-50
2,2,-59,-43,-50
2,2,-59,-40,-50
2,2,-59,-40,-60
2,2,-40,-40,-60
2,2,-40,-40,-50
2,2,-41,-40,-50
2,2,-41,-55,-50
2,2,-41,-55,-45
2,2,-55,-55,-45
2,2,-55,-48,-45
2,2,-55,-48,-45
2,2,-41,-48,-45
2,2,-55,-48,-45
2,2,-55,-48,-60
2,2,-55,-48,-60
2,2,-55,-43,-60
2,2,-55,-49,-60
2,2,-55,-49,-45
2,2,-41,-49,-45
2,2,-41,-49,-50
2,2,-44,-49,-50
2,2,-44,-48,-50
2,2,-44,-48,-60
2,2,-54,-48,-60
2,2,-54,-55,-60
2,2,-54,-55,-49
2,2,-44,-55,-49
2,2,-44,-48,-49
2,2,-44,-48,-45
2,2,-41,-48,-45
2,2,-41,-48,-49
2,2,-41,-48,-60
2,2,-41,-48,-62
2,2,-55,-48,-62
2,2,-55,-40,-62
2,2,-54,-40,-62
2,2,-54,-40,-60
2,2,-54,-59,-60
2,2,-54,-59,-46
2,2,-55,-59,-46
2,2,-55,-59,-45
2,2,-55,-48,-45
2,2,-55,-48,-45
2,2,-55,-48,-45
2,2,-55,-46,-45
2,2,-55,-46,-65
2,2,-59,-46,-65
2,2,-59,-63,-65
2,2,-59,-63,-45
2,2,-59,-43,-45
2,2,-55,-43,-45
2,2,-55,-43,-60
2,2,-55,-56,-60
2,2,-44,-56,-60
2,2,-44,-56,-60
2,2,-46,-56,-60
2,2,-55,-56,-60
2,2,-55,-56,-65
2,2,-55,-62,-65
2,2,-45,-62,-65
2,2,-45,-62,-61
2,2,-45,-56,-61
2,2,-41,-56,-61
2,2,-41,-56,-60
2,2,-59,-56,-60
2,2,-41,-56,-60
2,2,-41,-56,-61
2,2,-41,-57,-61
2,2,-41,-57,-63
2,2,-41,-40,-63
2,2,-55,-40,-63
2,2,-55,-40,-45
2,2,-55,-58,-45
2,2,-59,-58,-45
2,2,-59,-40,-45
2,2,-55,-40,-45
2,2,-55,-40,-60
2,2,-55,-43,-60
2,2,-54,-43,-60
2,2,-54,-43,-45
2,2,-55,-43,-45
2,2,-55,-43,-45
2,2,-55,-57,-45
2,2,-55,-57,-45
2,2,-55,-48,-45
2,2,-45,-48,-45
2,2,-45,-48,-45
2,2,-45,-57,-45
2,2,-55,-57,-45
2,2,-55,-57,-61
2,2,-55,-40,-61
2,2,-55,-40,-61
2,2,-55,-43,-61
2,2,-55,-43,-49
2,2,-55,-57,-49
2,2,-55,-57,-60
2,2,-55,-57,-60
2,2,-55,-57,-60
2,2,-55,-57,-63
2,2,-44,-57,-63
2,2,-44,-41,-63
2,2,-44,-41,-45
2,2,-54,-41,-45
2,2,-54,-56,-45
2,2,-54,-56,-61
2,2,-54,-43,-61
2,2,-54,-43,-60
2,2,-54,-43,-45
2,2,-55,-43,-45
2,2,-55,-57,-45
2,2,-55,-57,-63
2,2,-55,-40,-63
2,2,-55,-40,-45
2,2,-54,-40,-45
2,2,-54,-62,-45
2,2,-54,-62,-49
2,2,-54,-56,-49
2,2,-59,-56,-49
2,2,-59,-56,-60
2,2,-59,-57,-60
2,2,-45,-57,-60
2,2,-45,-57,-45
2,2,-45,-48,-45
2,2,-55,-48,-45
2,2,-55,-56,-45
2,2,-55,-56,-60
2,2,-45,-56,-60
2,2,-45,-43,-60
2,2,-45,-62,-60
2,2,-59,-62,-60
2,2,-59,-62,-60
2,2,-55,-62,-60
2,2,-55,-62,-45
2,2,-55,-62,-45
2,2,-55,-56,-45
2,2,-55,-56,-63
2,2,-55,-48,-63
2,2,-55,-48,-65
2,2,-55,-43,-65
2,2,-55,-43,-59
2,2,-59,-43,-59
2,2,-59,-48,-59
2,2,-59,-48,-60
2,2,-55,-48,-60
2,2,-55,-43,-60
2,2,-55,-43,-60
2,2,-55,-62,-60
2,2,-55,-40,-60
2,2,-41,-40,-60
2,2,-41,-40,-60
2,2,-59,-40,-60
2,2,-59,-40,-66
2,2,-59,-58,-66
2,2,-46,-58,-66
2,2,-45,-58,-66
2,2,-40,-58,-66
2,2,-40,-47,-66
2,2,-40,-47,-45
2,2,-44,-47,-45
2,2,-44,-41,-45
2,2,-44,-41,-65
2,2,-56,-41,-65
2,2,-56,-41,-60
2,2,-56,-41,-60
2,2,-44,-41,-60
2,2,-55,-41,-60
2,2,-55,-56,-60
2,2,-55,-56,-65
2,2,-55,-57,-65
2,2,-56,-57,-65
2,2,-56,-57,-60
2,2,-56,-41,-60
2,2,-44,-41,-60
2,2,-44,-41,-49
2,2,-44,-43,-49
2,2,-44,-43,-61
2,2,-55,-43,-61
2,2,-55,-48,-61
2,2,-55,-48,-45
2,2,-55,-40,-45
2,2,-40,-40,-45
2,2,-40,-40,-61
2,2,-40,-57,-61
2,2,-40,-57,-60
2,2,-40,-62,-60
2,2,-44,-62,-60
2,2,-44,-62,-61
2,2,-44,-57,-61
2,2,-55,-57,-61
2,2,-55,-57,-50
2,2,-55,-40,-50
2,2,-44,-40,-50
2,2,-40,-40,-50
2,2,-40,-43,-50
2,2,-41,-43,-50
2,2,-41,-41,-50
2,2,-41,-41,-60
2,2,-41,-41,-60
2,2,-41,-48,-60
2,2,-41,-48,-60
2,2,-41,-48,-61
2,2,-41,-48,-61
2,2,-41,-62,-61
2,2,-41,-62,-65
2,2,-40,-62,-65
2,2,-40,-58,-65
2,2,-40,-58,-59
2,2,-40,-48,-59
2,2,-40,-48,-65
2,2,-46,-48,-65
2,2,-46,-58,-65
2,2,-46,-58,-61
2,2,-41,-58,-61
2,2,-41,-62,-61
2,2,-41,-58,-61
2,2,-41,-58,-61
2,2,-41,-40,-61
2,2,-59,-40,-61
2,2,-59,-43,-61
2,2,-59,-43,-60
2,2,-59,-62,-60
2,2,-59,-62,-45
2,2,-44,-62,-45
2,2,-44,-62,-49
2,2,-55,-62,-49
2,2,-55,-48,-49
2,2,-55,-48,-61
2,2,-44,-48,-61
2,2,-44,-43,-61
2,2,-44,-43,-65
2,2,-55,-43,-65
2,2,-55,-43,-60
2,2,-58,-43,-60
2,2,-58,-43,-60
2,2,-41,-43,-60
2,2,-41,-41,-60
2,2,-41,-41,-65
2,2,-41,-41,-65
2,2,-55,-41,-65
2,2,-55,-62,-65
2,2,-55,-62,-49
2,2,-55,-43,-49
2,2,-55,-43,-60
2,2,-45,-43,-60
2,2,-45,-41,-60
2,2,-45,-41,-65
2,2,-59,-41,-65
2,2,-59,-43,-65
2,2,-59,-43,-60
2,2,-46,-43,-60
2,2,-46,-40,-60
2,2,-46,-40,-64
2,2,-55,-40,-64
2,2,-55,-57,-64
2,2,-55,-57,-61
2,2,-55,-57,-61
2,2,-41,-57,-61
2,2,-41,-41,-61
2,2,-41,-41,-65
2,2,-45,-41,-65
2,2,-45,-58,-65
2,2,-45,-58,-60
2,2,-55,-58,-60
2,2,-55,-56,-60
2,2,-55,-56,-69
2,2,-55,-56,-69
2,2,-55,-56,-60
2,2,-55,-40,-60
2,2,-55,-40,-64
2,2,-55,-40,-64
2,2,-55,-57,-64
2,2,-55,-57,-61
2,2,-41,-57,-61
2,2,-41,-40,-61
2,2,-41,-40,-63
2,2,-45,-40,-63
2,2,-45,-57,-63
2,2,-45,-57,-45
2,2,-45,-41,-45
2,2,-45,-41,-60
2,2,-41,-41,-60
2,2,-41,-62,-60
2,2,-41,-62,-56
2,2,-41,-40,-56
2,2,-41,-40,-59
2,2,-56,-40,-59
2,2,-56,-43,-59
2,2,-56,-43,-60
2,2,-55,-43,-60
2,2,-55,-43,-59
2,2,-55,-43,-59
2,2,-55,-57,-59
2,2,-55,-57,-50
2,2,-55,-57,-60
2,2,-55,-57,-63
2,2,-55,-62,-63
2,2,-55,-62,-63
2,2,-55,-57,-63
2,2,-55,-57,-60
2,2,-55,-62,-60
2,2,-44,-62,-60
2,2,-44,-43,-60
2,2,-53,-43,-60
2,2,-53,-62,-60
2,2,-45,-62,-60
2,2,-45,-62,-60
2,2,-45,-57,-60
2,2,-40,-57,-60
2,2,-40,-57,-64
2,2,-40,-48,-64
2,2,-55,-48,-64
2,2,-55,-48,-61
2,2,-55,-43,-61
2,2,-55,-43,-61
2,2,-55,-43,-64
2,2,-55,-56,-64
2,2,-59,-56,-64
2,2,-59,-48,-64
2,2,-59,-48,-64
2,2,-45,-48,-64
2,2,-45,-48,-61
2,2,-58,-48,-61
2,2,-58,-62,-61
2,2,-58,-62,-50
2,2,-58,-40,-50
2,2,-58,-40,-61
2,2,-58,-62,-61
2,2,-56,-62,-61
2,2,-56,-62,-45
2,2,-41,-62,-45
2,2,-41,-62,-50
2,2,-41,-48,-50
2,2,-59,-48,-50
2,2,-59,-57,-50
2,2,-59,-57,-63
2,2,-53,-57,-63
2,2,-53,-56,-63
2,2,-59,-56,-63
2,2,-59,-43,-63
2,2,-59,-43,-50
2,2,-59,-43,-46
2,2,-59,-40,-46
2,2,-60,-40,-46
2,2,-60,-57,-46
2,2,-60,-57,-64
2,2,-60,-57,-60
2,2,-58,-57,-60
2,2,-58,-57,-60
2,2,-45,-57,-60
2,2,-45,-62,-60
2,2,-41,-62,-60
2,2,-41,-41,-60
2,2,-55,-41,-60
2,2,-55,-41,-61
2,2,-55,-57,-61
2,2,-55,-57,-63
2,2,-41,-57,-63
2,2,-41,-56,-63
2,2,-41,-56,-45
2,2,-44,-56,-45
2,2,-44,-57,-45
2,2,-44,-57,-49
2,2,-41,-57,-49
2,2,-41,-62,-49
2,2,-59,-62,-49
2,2,-59,-57,-49
2,2,-59,-57,-49
2,2,-41,-57,-49
2,2,-41,-57,-45
2,2,-41,-57,-45
2,2,-41,-57,-63
2,2,-55,-57,-63
2,2,-55,-57,-45
2,2,-45,-57,-45
2,2,-45,-56,-45
2,2,-45,-56,-46
2,2,-45,-56,-45
2,2,-55,-56,-45
2,2,-55,-61,-45
2,2,-55,-61,-64
2,2,-59,-61,-64
2,2,-59,-41,-64
2,2,-59,-41,-61
2,2,-40,-41,-61
2,2,-40,-61,-61
2,2,-40,-61,-61
2,2,-59,-61,-61
2,2,-59,-56,-61
2,2,-59,-56,-60
2,2,-40,-56,-60
2,2,-40,-61,-60
2,2,-40,-61,-63
2,2,-40,-56,-63
2,2,-40,-56,-59
2,2,-40,-61,-59
2,2,-41,-61,-59
2,2,-41,-57,-59
2,2,-41,-57,-61
2,2,-44,-57,-61
2,2,-44,-57,-60
2,2,-44,-61,-60
2,2,-40,-61,-60
2,2,-40,-57,-60
2,2,-40,-56,-60
2,2,-40,-56,-45
2,2,-55,-56,-45
2,2,-55,-61,-45
2,2,-55,-61,-50
2,2,-59,-61,-50
2,2,-59,-61,-60
2,2,-40,-61,-60
2,2,-40,-61,-60
2,2,-40,-61,-64
2,2,-40,-56,-64
2,2,-40,-56,-61
2,2,-55,-56,-61
2,2,-59,-56,-61
2,2,-59,-57,-61
2,2,-59,-57,-45
2,2,-55,-57,-45
2,2,-55,-47,-45
2,2,-55,-47,-61
2,2,-45,-47,-61
2,2,-45,-47,-60
2,2,-45,-47,-60
2,2,-45,-61,-60
2,2,-55,-61,-60
2,2,-55,-41,-60
2,2,-55,-41,-50
2,2,-41,-41,-50
2,2,-41,-43,-50
2,2,-41,-57,-50
2,2,-41,-57,-63
2,2,-46,-57,-63
2,2,-46,-58,-63
2,2,-54,-58,-63
2,2,-54,-61,-63
2,2,-54,-61,-61
2,2,-59,-61,-61
2,2,-59,-61,-63
2,2,-55,-61,-63
2,2,-55,-61,-63
2,2,-55,-61,-59
2,2,-44,-61,-59
2,2,-44,-61,-50
2,2,-41,-61,-50
2,2,-41,-47,-50
2,2,-41,-43,-50
2,2,-41,-43,-63
2,2,-55,-43,-63
2,2,-55,-42,-63
2,2,-45,-42,-63
2,2,-45,-43,-63
2,2,-59,-43,-63
2,2,-59,-56,-63
2,2,-40,-56,-63
2,2,-59,-56,-63
2,2,-59,-43,-63
2,2,-54,-43,-63
2,2,-44,-43,-63
2,2,-44,-43,-45
2,2,-44,-41,-45
2,2,-41,-41,-45
2,2,-41,-41,-45
2,2,-41,-44,-45
2,2,-45,-44,-45
2,2,-45,-56,-45
2,2,-59,-56,-45
2,2,-59,-56,-45
2,2,-59,-47,-45
2,2,-59,-47,-46
2,2,-59,-41,-46
2,2,-59,-41,-46
2,2,-59,-41,-60
2,2,-55,-41,-60
2,2,-55,-41,-60
2,2,-55,-43,-60
2,2,-59,-43,-60
2,2,-59,-43,-45
2,2,-59,-56,-45
2,2,-55,-56,-45
2,2,-55,-56,-50
2,2,-55,-47,-50
2,2,-59,-47,-50
2,2,-54,-47,-50
2,2,-54,-47,-64
2,2,-59,-47,-64
2,2,-59,-47,-60
2,2,-59,-61,-60
2,2,-55,-61,-60
2,2,-55,-61,-45
2,2,-55,-41,-45
2,2,-59,-41,-45
2,2,-59,-41,-63
2,2,-59,-43,-63
2,2,-45,-43,-63
2,2,-45,-41,-63
2,2,-45,-41,-60
2,2,-45,-61,-60
2,2,-45,-61,-60
2,2,-45,-61,-45
2,2,-45,-43,-45
2,2,-45,-43,-49
2,2,-45,-61,-49
2,2,-45,-58,-49
2,2,-40,-58,-49
2,2,-40,-58,-45
2,2,-40,-47,-45
2,2,-40,-47,-63
2,2,-40,-57,-63
2,2,-55,-57,-63
2,2,-55,-57,-60
2,2,-55,-62,-60
2,2,-55,-62,-45
2,2,-55,-56,-45
2,2,-55,-56,-45
2,2,-55,-61,-45
2,2,-55,-61,-45
2,2,-55,-41,-45
2,2,-55,-41,-45
2,2,-55,-41,-63
2,2,-55,-59,-63
2,2,-44,-59,-63
2,2,-44,-59,-45
2,2,-44,-56,-45
2,2,-44,-47,-45
2,2,-44,-47,-45
2,2,-44,-42,-45
2,2,-44,-42,-59
2,2,-45,-42,-59
2,2,-45,-47,-59
2,2,-55,-47,-59
2,2,-55,-41,-59
2,2,-55,-41,-59
2,2,-55,-41,-61
2,2,-40,-41,-61
2,2,-40,-57,-61
2,2,-41,-57,-61
2,2,-41,-57,-61
2,2,-45,-57,-61
2,2,-45,-62,-61
2,2,-45,-62,-61
2,2,-45,-62,-50
2,2,-59,-62,-50
2,2,-59,-57,-50
2,2,-45,-57,-50
2,2,-45,-42,-50
2,2,-45,-42,-50
2,2,-45,-42,-50
2,2,-45,-43,-50
2,2,-45,-43,-50
2,2,-45,-47,-50
2,2,-45,-47,-45
2,2,-54,-47,-45
2,2,-54,-42,-45
2,2,-54,-41,-45
2,2,-54,-41,-50
2,2,-58,-41,-50
2,2,-58,-61,-50
2,2,-39,-61,-50
2,2,-39,-61,-61
2,2,-39,-59,-61
2,2,-39,-59,-45
2,2,-39,-47,-45
2,2,-39,-47,-45
2,2,-39,-57,-45
2,2,-59,-57,-45
2,2,-59,-61,-45
2,2,-45,-61,-45
2,2,-45,-56,-45
2,2,-45,-56,-45
2,2,-54,-56,-45
2,2,-54,-44,-45
2,2,-45,-44,-45
2,2,-45,-57,-45
2,2,-45,-57,-60
2,2,-45,-57,-45
2,2,-45,-45,-45
2,2,-59,-45,-45
2,2,-40,-45,-45
2,2,-40,-45,-45
2,2,-40,-41,-45
2,2,-59,-41,-45
2,2,-59,-61,-45
2,2,-55,-61,-45
2,2,-55,-61,-45
2,2,-55,-57,-45
2,2,-41,-57,-45
2,2,-41,-57,-45
2,2,-41,-57,-65
2,2,-41,-58,-65
2,2,-41,-58,-65
2,2,-41,-58,-60
2,2,-41,-47,-60
2,2,-55,-47,-60
2,2,-55,-47,-60
2,2,-55,-59,-60
2,2,-44,-59,-60
2,2,-44,-59,-49
2,2,-44,-56,-49
2,2,-42,-56,-49
2,2,-42,-56,-60
2,2,-42,-43,-60
2,2,-41,-43,-60
2,2,-41,-43,-64
2,2,-41,-57,-64
2,2,-55,-57,-64
2,2,-55,-57,-60
2,2,-44,-57,-60
2,2,-44,-57,-45
2,2,-44,-41,-45
2,2,-55,-41,-45
2,2,-55,-41,-45
2,2,-55,-57,-45
2,2,-59,-57,-45
2,2,-59,-57,-63
2,2,-59,-57,-65
2,2,-59,-61,-65
2,2,-59,-56,-65
2,2,-59,-56,-65
2,2,-59,-47,-65
2,2,-56,-47,-65
2,2,-56,-57,-65
2,2,-60,-57,-65
2,2,-60,-57,-51
2,2,-60,-47,-51
2,2,-56,-47,-51
2,2,-56,-47,-61
2,2,-56,-55,-61
2,2,-59,-55,-61
2,2,-59,-47,-61
2,2,-54,-47,-61
2,2,-54,-47,-61
2,2,-54,-57,-61
2,2,-44,-57,-61
2,2,-44,-57,-45
2,2,-44,-57,-45
2,2,-44,-42,-45
2,2,-55,-42,-45
2,2,-55,-42,-60
2,2,-59,-42,-60
2,2,-59,-42,-60
2,2,-59,-57,-60
2,2,-55,-57,-60
2,2,-50,-57,-60
2,2,-50,-57,-60
2,2,-50,-56,-60
2,2,-40,-56,-60
2,2,-40,-56,-60
2,2,-40,-57,-60
2,2,-59,-57,-60
2,2,-59,-57,-60
2,2,-40,-57,-60
2,2,-40,-57,-60
2,2,-44,-57,-60
2,2,-44,-57,-60
2,2,-44,-57,-60
2,2,-44,-57,-61
2,2,-44,-44,-61
2,2,-54,-44,-61
2,2,-54,-44,-45
2,2,-54,-56,-45
2,2,-43,-56,-45
2,2,-43,-56,-46
2,2,-43,-61,-46
2,2,-41,-61,-46
2,2,-41,-61,-66
2,2,-56,-61,-66
2,2,-56,-61,-61
2,2,-56,-52,-61
2,2,-55,-52,-61
2,2,-55,-43,-61
2,2,-59,-43,-61
2,2,-59,-43,-60
2,2,-59,-61,-60
2,2,-43,-61,-60
2,2,-43,-61,-61
2,2,-43,-43,-61
2,2,-60,-43,-61
2,2,-60,-43,-45
2,2,-55,-43,-45
2,2,-55,-43,-60
2,2,-56,-43,-60
2,2,-56,-43,-61
2,2,-56,-47,-61
2,2,-55,-47,-61
2,2,-55,-47,-60
2,2,-55,-43,-60
2,2,-58,-43,-60
2,2,-58,-43,-46
2,2,-58,-41,-46
2,2,-55,-41,-46
2,2,-55,-41,-45
2,2,-59,-41,-45
2,2,-59,-41,-61
2,2,-59,-57,-61
2,2,-59,-57,-61
2,2,-59,-41,-61
2,2,-59,-41,-60
2,2,-59,-60,-60
2,2,-55,-60,-60
2,2,-55,-57,-60
2,2,-40,-57,-60
2,2,-40,-57,-64
2,2,-40,-61,-64
2,2,-40,-61,-64
2,2,-40,-61,-59
2,2,-40,-56,-59
2,2,-41,-56,-59
2,2,-41,-56,-64
2,2,-46,-56,-64
2,2,-46,-47,-64
2,2,-46,-47,-62
2,2,-59,-47,-62
2,2,-59,-43,-62
2,2,-59,-43,-65
2,2,-44,-43,-65
2,2,-44,-41,-65
2,2,-44,-41,-59
2,2,-45,-41,-59
2,2,-45,-61,-59
2,2,-45,-61,-50
2,2,-55,-61,-50
2,2,-55,-56,-50
2,2,-55,-56,-59
2,2,-55,-56,-59
2,2,-55,-43,-59
2,2,-55,-43,-65
2,2,-55,-57,-65
2,2,-55,-57,-60
2,2,-54,-57,-60
2,2,-54,-47,-60
2,2,-54,-47,-65
2,2,-54,-47,-60
2,2,-41,-47,-60
2,2,-41,-47,-60
2,2,-44,-47,-60
2,2,-44,-56,-60
2,2,-44,-56,-61
2,2,-44,-56,-45
2,2,-44,-56,-45
2,2,-44,-41,-45
2,2,-44,-41,-60
2,2,-44,-44,-60
2,2,-44,-44,-66
2,2,-44,-41,-66
2,2,-59,-41,-66
2,2,-59,-41,-45
2,2,-59,-57,-45
2,2,-59,-57,-63
2,2,-59,-61,-63
2,2,-44,-61,-63
2,2,-44,-61,-60
2,2,-44,-43,-60
2,2,-44,-43,-65
2,2,-44,-47,-65
2,2,-45,-47,-65
2,2,-45,-47,-60
2,2,-45,-43,-60
2,2,-45,-43,-60
2,2,-45,-46,-60
2,2,-45,-46,-65
2,2,-45,-43,-65
2,2,-43,-43,-65
2,2,-43,-43,-61
2,2,-43,-47,-61
2,2,-42,-47,-61
2,2,-42,-47,-60
2,2,-42,-47,-60
2,2,-42,-47,-60
2,2,-42,-47,-65
2,2,-42,-43,-65
2,2,-45,-43,-65
2,2,-59,-43,-65
2,2,-59,-43,-66
2,2,-59,-58,-66
2,2,-59,-58,-59
2,2,-59,-47,-59
2,2,-59,-47,-60
2,2,-54,-47,-60
2,2,-54,-47,-63
2,2,-45,-47,-63
2,2,-45,-61,-63
2,2,-45,-61,-61
2,2,-41,-61,-61
2,2,-41,-55,-61
2,2,-41,-55,-50
2,2,-59,-55,-50
2,2,-59,-47,-50
2,2,-59,-47,-61
2,2,-41,-47,-61
2,2,-41,-56,-61
2,2,-44,-56,-61
2,2,-44,-61,-61
2,2,-44,-57,-61
2,2,-44,-57,-45
2,2,-44,-41,-45
2,2,-54,-41,-45
2,2,-54,-41,-61
2,2,-54,-58,-61
2,2,-45,-58,-61
2,2,-45,-61,-61
2,2,-54,-61,-61
2,2,-54,-61,-60
2,2,-55,-61,-60
2,2,-55,-61,-66
2,2,-55,-61,-66
2,2,-55,-61,-60
2,2,-55,-57,-60
2,2,-44,-57,-60
2,2,-44,-47,-60
2,2,-55,-47,-60
2,2,-55,-47,-46
2,2,-55,-57,-46
2,2,-59,-57,-46
2,2,-59,-61,-46
2,2,-59,-47,-46
2,2,-46,-47,-46
2,2,-46,-47,-46
2,2,-46,-56,-46
2,2,-46,-56,-64
2,2,-55,-56,-64
2,2,-55,-48,-64
2,2,-55,-48,-64
2,2,-44,-48,-64
2,2,-44,-41,-64
2,2,-45,-41,-64
2,2,-45,-43,-64
2,2,-45,-43,-45
2,2,-44,-43,-45
2,2,-44,-43,-49
2,2,-44,-61,-49
2,2,-44,-61,-45
2,2,-55,-61,-45
2,2,-55,-41,-45
2,2,-44,-41,-45
2,2,-44,-43,-45
2,2,-44,-43,-45
2,2,-40,-43,-45
2,2,-40,-41,-45
2,2,-40,-41,-49
2,2,-40,-61,-49
2,2,-40,-61,-60
2,2,-41,-61,-60
2,2,-41,-42,-60
2,2,-41,-42,-45
2,2,-44,-42,-45
2,2,-44,-47,-45
2,2,-44,-47,-45
2,2,-44,-57,-45
2,2,-44,-57,-60
2,2,-59,-57,-60
2,2,-59,-61,-60
2,2,-59,-61,-64
2,2,-59,-57,-64
2,2,-56,-57,-64
2,2,-56,-57,-45
2,2,-55,-57,-45
2,2,-55,-41,-45
2,2,-55,-41,-60
2,2,-45,-41,-60
2,2,-45,-57,-60
2,2,-45,-57,-46
2,2,-54,-57,-46
2,2,-54,-57,-46
2,2,-54,-57,-49
2,2,-54,-57,-45
2,2,-60,-57,-45
2,2,-60,-56,-45
2,2,-60,-56,-45
2,2,-60,-57,-45
2,2,-60,-57,-45
2,2,-60,-61,-45
2,2,-60,-61,-50
2,2,-60,-57,-50
2,2,-60,-57,-61
2,2,-60,-61,-61
2,2,-60,-61,-50
2,2,-60,-57,-50
2,2,-60,-57,-45
2,2,-45,-57,-45
2,2,-45,-61,-45
2,2,-45,-61,-45
2,2,-41,-61,-45
2,2,-41,-56,-45
2,2,-41,-56,-50
2,2,-41,-56,-50
2,2,-41,-61,-50
2,2,-41,-61,-46
2,2,-45,-61,-46
2,2,-45,-61,-49
2,2,-45,-61,-49
2,2,-45,-47,-49
2,2,-45,-47,-45
2,2,-44,-47,-45
2,2,-44,-56,-45
2,2,-44,-56,-45
2,2,-44,-56,-45
2,2,-41,-56,-45
2,2,-41,-56,-60
2,2,-41,-56,-60
2,2,-41,-58,-60
2,2,-41,-58,-60
2,2,-41,-58,-45
2,2,-41,-61,-45
2,2,-55,-61,-45
2,2,-55,-57,-45
2,2,-41,-57,-45
2,2,-41,-57,-45
2,2,-41,-47,-45
2,2,-41,-47,-65
2,2,-41,-43,-65
2,2,-40,-43,-65
2,2,-40,-43,-50
2,2,-40,-43,-50
2,2,-40,-47,-50
2,2,-40,-47,-45
2,2,-59,-47,-45
2,2,-59,-55,-45
2,2,-59,-55,-60
2,2,-59,-47,-60
2,2,-45,-47,-60
2,2,-41,-47,-60
2,2,-41,-47,-45
2,2,-41,-47,-45
2,2,-44,-47,-45
2,2,-44,-47,-45
2,2,-55,-47,-45
2,2,-55,-47,-50
2,2,-55,-47,-50
2,2,-45,-47,-50
2,2,-45,-47,-45
2,2,-45,-41,-45
2,2,-56,-41,-45
2,2,-56,-41,-45
2,2,-44,-41,-45
2,2,-44,-41,-61
2,2,-41,-41,-61
2,2,-41,-41,-45
2,2,-41,-47,-45
2,2,-44,-47,-45
2,2,-44,-47,-45
2,2,-44,-43,-45
2,2,-45,-43,-45
2,2,-45,-43,-45
2,2,-45,-47,-45
2,2,-45,-47,-45
2,2,-40,-47,-45
2,2,-40,-57,-45
2,2,-40,-57,-45
2,2,-45,-57,-45
2,2,-45,-41,-45
2,2,-45,-41,-50
2,2,-44,-41,-50
2,2,-44,-47,-50
2,2,-44,-47,-60
2,2,-44,-47,-60
2,2,-55,-47,-60
2,2,-55,-47,-45
2,2,-55,-41,-45
2,2,-41,-41,-45
2,2,-41,-41,-51
2,2,-41,-61,-51
2,2,-56,-61,-51
2,2,-56,-61,-60
2,2,-56,-42,-60
2,2,-56,-43,-60
2,2,-56,-43,-45
2,2,-45,-43,-45
2,2,-45,-41,-45
2,2,-45,-43,-45
2,2,-41,-43,-45
2,2,-41,-43,-58
2,2,-45,-43,-58
2,2,-45,-57,-58
2,2,-45,-57,-59
2,2,-44,-57,-59
2,2,-44,-57,-45
2,2,-55,-57,-45
2,2,-55,-57,-60
2,2,-55,-61,-60
2,2,-41,-61,-60
2,2,-41,-57,-60
2,2,-41,-57,-60
2,2,-41,-57,-50
2,2,-41,-57,-50
2,2,-41,-57,-60
2,2,-41,-61,-60
2,2,-41,-61,-46
2,2,-41,-61,-49
2,2,-40,-61,-49
2,2,-40,-56,-49
2,2,-40,-56,-64
2,2,-40,-61,-64
2,2,-58,-61,-64
2,2,-58,-43,-64
2,2,-41,-43,-64
2,2,-41,-43,-45
2,2,-41,-56,-45
2,2,-41,-56,-46
2,2,-44,-56,-46
2,2,-44,-57,-46
2,2,-44,-57,-64
2,2,-55,-57,-64
2,2,-55,-61,-64
2,2,-55,-61,-60
2,2,-54,-61,-60
2,2,-54,-44,-60
2,2,-54,-44,-60
2,2,-59,-44,-60
2,2,-59,-61,-60
2,2,-59,-61,-60
2,2,-40,-61,-60
2,2,-40,-41,-60
2,2,-40,-41,-59
2,2,-59,-41,-59
2,2,-59,-41,-49
2,2,-59,-56,-49
2,2,-59,-56,-46
2,2,-59,-57,-46
2,2,-44,-57,-46
2,2,-44,-56,-46
2,2,-44,-56,-60
2,2,-55,-56,-60
2,2,-55,-48,-60
2,2,-55,-48,-45
2,2,-45,-48,-45
2,2,-45,-61,-45
2,2,-45,-57,-45
2,2,-45,-47,-45
2,2,-45,-47,-49
2,2,-40,-47,-49
2,2,-40,-41,-49
2,2,-44,-41,-49
2,2,-44,-41,-45
2,2,-55,-41,-45
2,2,-55,-57,-45
2,2,-55,-57,-64
2,2,-55,-57,-60
2,2,-41,-57,-60
2,2,-46,-57,-60
2,2,-46,-57,-60
2,2,-41,-57,-60
2,2,-41,-47,-60
2,2,-41,-47,-46
2,2,-55,-47,-46
2,2,-55,-56,-46
2,2,-55,-56,-61
2,2,-40,-56,-61
2,2,-40,-47,-61
2,2,-40,-47,-64
2,2,-55,-47,-64
2,2,-55,-56,-64
2,2,-55,-56,-64
2,2,-43,-56,-64
2,2,-43,-56,-60
2,2,-54,-56,-60
2,2,-54,-57,-60
2,2,-54,-43,-60
2,2,-54,-43,-61
2,2,-41,-43,-61
2,2,-41,-42,-61
2,2,-41,-42,-45
2,2,-45,-42,-45
2,2,-45,-42,-64
2,2,-45,-56,-64
2,2,-45,-43,-64
2,2,-56,-43,-64
2,2,-56,-43,-65
2,2,-56,-57,-65
2,2,-56,-57,-65
2,2,-56,-57,-50
2,2,-56,-62,-50
2,2,-41,-62,-50
2,2,-41,-62,-45
2,2,-41,-43,-45
2,2,-41,-43,-45
2,2,-41,-43,-51
2,2,-41,-63,-51
2,2,-41,-63,-46
2,2,-40,-63,-46
2,2,-40,-57,-46
2,2,-40,-57,-66
2,2,-40,-57,-66
2,2,-40,-63,-66
2,2,-45,-63,-66
2,2,-45,-63,-45
2,2,-41,-63,-45
2,2,-41,-63,-45
2,2,-41,-63,-45
2,2,-44,-63,-45
2,2,-44,-43,-45
2,2,-41,-43,-45
2,2,-41,-43,-61
2,2,-41,-49,-61
2,2,-59,-49,-61
2,2,-58,-49,-61
2,2,-58,-49,-49
2,2,-58,-58,-49
2,2,-40,-58,-49
2,2,-40,-58,-60
2,2,-40,-63,-60
2,2,-59,-63,-60
2,2,-59,-57,-60
2,2,-41,-57,-60
2,2,-41,-57,-60
2,2,-58,-57,-60
2,2,-58,-57,-50
2,2,-58,-56,-50
2,2,-41,-56,-50
2,2,-41,-56,-62
2,2,-41,-64,-62
2,2,-41,-64,-50
2,2,-41,-57,-50
2,2,-40,-57,-50
2,2,-40,-57,-45
2,2,-40,-63,-45
2,2,-44,-63,-45
2,2,-44,-63,-65
2,2,-44,-56,-65
2,2,-44,-57,-65
2,2,-41,-57,-65
2,2,-41,-42,-65
2,2,-59,-42,-65
2,2,-59,-42,-65
2,2,-59,-57,-65
2,2,-55,-57,-65
2,2,-55,-57,-46
2,2,-55,-56,-46
2,2,-45,-56,-46
2,2,-45,-56,-45
2,2,-45,-43,-45
2,2,-44,-43,-45
2,2,-44,-43,-61
2,2,-55,-43,-61
2,2,-44,-43,-61
2,2,-44,-48,-61
2,2,-59,-48,-61
2,2,-59,-63,-61
2,2,-44,-63,-61
2,2,-44,-63,-45
2,2,-46,-63,-45
2,2,-46,-63,-60
2,2,-59,-63,-60
2,2,-59,-63,-61
2,2,-59,-63,-61
2,2,-56,-63,-61
2,2,-56,-63,-60
2,2,-56,-41,-60
2,2,-46,-41,-60
2,2,-46,-41,-60
2,2,-46,-57,-60
2,2,-59,-57,-60
2,2,-59,-57,-45
2,2,-59,-40,-45
2,2,-42,-40,-45
2,2,-41,-40,-45
2,2,-41,-40,-61
2,2,-41,-56,-61
2,2,-55,-56,-61
2,2,-55,-56,-61
2,2,-55,-48,-61
2,2,-41,-48,-61
2,2,-41,-48,-45
2,2,-41,-55,-45
2,2,-55,-55,-45
2,2,-55,-55,-45
2,2,-55,-55,-45
2,2,-55,-62,-45
2,2,-55,-62,-46
2,2,-55,-57,-46
2,2,-58,-57,-46
2,2,-58,-57,-60
2,2,-58,-62,-60
2,2,-45,-62,-60
2,2,-45,-62,-59
2,2,-41,-62,-59
2,2,-41,-62,-60
2,2,-41,-48,-60
2,2,-55,-48,-60
2,2,-55,-48,-49
2,2,-55,-57,-49
2,2,-41,-57,-49
2,2,-41,-57,-60
2,2,-55,-57,-60
2,2,-55,-57,-50
2,2,-55,-56,-50
2,2,-54,-56,-50
2,2,-40,-56,-50
2,2,-40,-56,-61
2,2,-40,-43,-61
2,2,-40,-43,-60
2,2,-40,-48,-60
2,2,-40,-48,-45
2,2,-40,-41,-45
2,2,-41,-41,-45
2,2,-41,-41,-66
2,2,-41,-58,-66
2,2,-44,-58,-66
2,2,-44,-58,-60
2,2,-44,-58,-61
2,2,-44,-56,-61
2,2,-55,-56,-61
2,2,-55,-56,-49
2,2,-55,-48,-49
2,2,-59,-48,-49
2,2,-59,-48,-46
2,2,-59,-56,-46
2,2,-55,-56,-46
2,2,-55,-62,-46
2,2,-54,-62,-46
2,2,-54,-62,-61
2,2,-54,-62,-63
2,2,-54,-62,-60
2,2,-54,-43,-60
2,2,-55,-43,-60
2,2,-59,-43,-60
2,2,-41,-43,-60
2,2,-41,-43,-65
2,2,-41,-62,-65
2,2,-44,-62,-65
2,2,-44,-62,-60
2,2,-44,-57,-60
2,2,-58,-57,-60
2,2,-58,-56,-60
2,2,-58,-56,-60
2,2,-58,-48,-60
2,2,-58,-48,-61
2,2,-58,-41,-61
2,2,-42,-41,-61
2,2,-42,-41,-66
2,2,-42,-62,-66
2,2,-44,-62,-66
2,2,-44,-41,-66
2,2,-41,-41,-66
2,2,-41,-41,-64
2,2,-41,-57,-64
2,2,-41,-62,-64
2,2,-41,-62,-61
2,2,-41,-56,-61
2,2,-56,-56,-61
2,2,-56,-56,-66
2,2,-56,-48,-66
2,2,-55,-48,-66
2,2,-55,-48,-46
2,2,-55,-43,-46
2,2,-55,-43,-46
2,2,-55,-43,-49
2,2,-55,-48,-49
2,2,-59,-48,-49
2,2,-59,-48,-45
2,2,-42,-48,-45
2,2,-42,-48,-61
2,2,-42,-62,-61
2,2,-58,-62,-61
2,2,-58,-62,-45
2,2,-45,-62,-45
2,2,-45,-62,-45
2,2,-45,-41,-45
2,2,-59,-41,-45
2,2,-56,-41,-45
2,2,-56,-58,-45
2,2,-55,-58,-45
2,2,-55,-55,-45
2,2,-60,-55,-45
2,2,-60,-43,-45
2,2,-60,-43,-61
2,2,-54,-43,-61
2,2,-54,-57,-61
2,2,-54,-57,-59
2,2,-55,-57,-59
2,2,-55,-56,-59
2,2,-55,-56,-45
2,2,-44,-56,-45
2,2,-44,-43,-45
2,2,-44,-43,-46
2,2,-55,-43,-46
2,2,-55,-56,-46
2,2,-55,-56,-60
2,2,-41,-56,-60
2,2,-41,-56,-61
2,2,-59,-56,-61
2,2,-59,-56,-45
2,2,-59,-40,-45
2,2,-55,-40,-45
2,2,-55,-44,-45
2,2,-55,-44,-61
2,2,-45,-44,-61
2,2,-45,-44,-50
2,2,-54,-44,-50
2,2,-54,-44,-50
2,2,-55,-44,-50
2,2,-55,-62,-50
2,2,-55,-56,-50
2,2,-41,-56,-50
2,2,-41,-57,-50
2,2,-41,-57,-50
2,2,-41,-57,-60
2,2,-43,-57,-60
2,2,-43,-62,-60
2,2,-43,-62,-50
2,2,-54,-62,-50
2,2,-54,-55,-50
2,2,-54,-55,-62
2,2,-44,-55,-62
2,2,-44,-62,-62
2,2,-44,-62,-55
2,2,-55,-62,-55
2,2,-55,-55,-55
2,2,-55,-43,-55
2,2,-55,-43,-65
2,2,-41,-43,-65
2,2,-45,-43,-65
2,2,-45,-57,-65
2,2,-45,-57,-64
2,2,-59,-57,-64
2,2,-59,-41,-64
2,2,-59,-41,-45
2,2,-59,-57,-45
2,2,-59,-57,-51
2,2,-40,-57,-51
2,2,-40,-62,-51
2,2,-40,-62,-45
2,2,-40,-43,-45
2,2,-40,-43,-64
2,2,-40,-62,-64
2,2,-40,-62,-61
2,2,-44,-62,-61
2,2,-44,-44,-61
2,2,-55,-44,-61
2,2,-55,-44,-63
2,2,-58,-44,-63
2,2,-58,-43,-63
2,2,-58,-43,-46
2,2,-44,-43,-46
2,2,-44,-57,-46
2,2,-45,-57,-46
2,2,-45,-55,-46
2,2,-45,-55,-50
2,2,-44,-55,-50
2,2,-44,-57,-50
2,2,-44,-57,-60
2,2,-55,-57,-60
2,2,-55,-41,-60
2,2,-55,-41,-45
2,2,-44,-41,-45
2,2,-44,-59,-45
2,2,-44,-59,-60
2,2,-55,-59,-60
2,2,-55,-40,-60
2,2,-58,-40,-60
2,2,-58,-43,-60
2,2,-55,-43,-60
2,2,-55,-56,-60
2,2,-55,-56,-65
2,2,-55,-57,-65
2,2,-55,-57,-60
2,2,-55,-57,-60
2,2,-55,-63,-60
2,2,-55,-63,-61
2,2,-59,-63,-61
2,2,-59,-63,-50
2,2,-55,-63,-50
2,2,-55,-41,-50
2,2,-55,-41,-46
2,2,-59,-41,-46
2,2,-59,-48,-46
2,2,-41,-48,-46
2,2,-41,-56,-46
2,2,-41,-56,-46
2,2,-55,-56,-46
2,2,-55,-48,-46
2,2,-55,-48,-45
2,2,-55,-57,-45
2,2,-55,-57,-50
2,2,-55,-62,-50
2,2,-58,-62,-50
2,2,-58,-41,-50
2,2,-58,-41,-60
2,2,-54,-41,-60
2,2,-54,-57,-60
2,2,-54,-57,-60
2,2,-44,-57,-60
2,2,-44,-62,-60
2,2,-44,-56,-60
2,2,-44,-56,-60
2,2,-55,-56,-60
2,2,-55,-56,-61
2,2,-54,-56,-61
2,2,-54,-48,-61
2,2,-54,-48,-60
2,2,-45,-48,-60
2,2,-45,-41,-60
2,2,-45,-41,-45
2,2,-45,-43,-45
2,2,-45,-43,-66
2,2,-55,-43,-66
2,2,-55,-41,-66
2,2,-55,-41,-46
2,2,-59,-41,-46
2,2,-59,-43,-46
2,2,-59,-43,-49
2,2,-59,-48,-49
2,2,-44,-48,-49
2,2,-44,-41,-49
2,2,-44,-41,-65
2,2,-44,-62,-65
2,2,-44,-62,-62
2,2,-44,-55,-62
2,2,-40,-55,-62
2,2,-40,-55,-65
2,2,-40,-62,-65
2,2,-44,-62,-65
2,2,-44,-62,-60
2,2,-44,-58,-60
2,2,-44,-58,-60
2,2,-44,-62,-60
2,2,-44,-62,-60
2,2,-44,-62,-61
2,2,-44,-57,-61
2,2,-44,-57,-61
2,2,-44,-57,-46
2,2,-44,-56,-46
2,2,-58,-56,-46
2,2,-58,-56,-60
2,2,-58,-43,-60
2,2,-58,-43,-46
2,2,-45,-43,-46
2,2,-45,-40,-46
2,2,-54,-40,-46
2,2,-54,-62,-46
2,2,-54,-62,-60
2,2,-56,-62,-60
2,2,-56,-41,-60
2,2,-56,-41,-45
2,2,-56,-48,-45
2,2,-56,-48,-45
2,2,-42,-48,-45
2,2,-42,-41,-45
2,2,-42,-41,-45
2,2,-54,-41,-45
2,2,-54,-62,-45
2,2,-59,-62,-45
2,2,-59,-62,-61
2,2,-55,-62,-61
2,2,-55,-62,-61
2,2,-55,-62,-61
2,2,-55,-57,-61
2,2,-55,-57,-45
2,2,-55,-62,-45
2,2,-55,-62,-61
2,2,-55,-56,-61
2,2,-55,-56,-61
2,2,-55,-62,-61
2,2,-55,-62,-46
2,2,-55,-57,-46
2,2,-46,-57,-46
2,2,-46,-57,-60
2,2,-46,-47,-60
2,2,-46,-47,-65
2,2,-55,-47,-65
2,2,-55,-47,-60
2,2,-55,-47,-60
2,2,-55,-47,-66
2,2,-45,-47,-66
2,2,-45,-40,-66
2,2,-46,-40,-66
2,2,-46,-48,-66
2,2,-46,-48,-65
2,2,-46,-56,-65
2,2,-46,-62,-65
2,2,-45,-62,-65
2,2,-45,-62,-64
2,2,-45,-43,-64
2,2,-41,-43,-64
2,2,-41,-43,-45
2,2,-55,-43,-45
2,2,-55,-56,-45
2,2,-55,-56,-46
2,2,-59,-56,-46
2,2,-46,-56,-46
2,2,-46,-55,-46
2,2,-46,-55,-60
2,2,-55,-55,-60
2,2,-55,-55,-46
2,2,-55,-40,-46
2,2,-42,-40,-46
2,2,-42,-57,-46
2,2,-55,-57,-46
2,2,-55,-57,-45
2,2,-55,-47,-45
2,2,-44,-47,-45
2,2,-44,-47,-65
2,2,-44,-47,-46
2,2,-44,-48,-46
2,2,-59,-48,-46
2,2,-59,-57,-46
2,2,-44,-57,-46
2,2,-44,-57,-65
2,2,-44,-62,-65
2,2,-44,-43,-65
2,2,-58,-43,-65
2,2,-58,-43,-65
2,2,-58,-43,-61
2,2,-58,-57,-61
2,2,-58,-57,-65
2,2,-58,-40,-65
2,2,-58,-48,-65
2,2,-55,-48,-65
2,2,-55,-56,-65
2,2,-55,-56,-65
2,2,-55,-56,-60
2,2,-55,-55,-60
2,2,-55,-55,-45
2,2,-44,-55,-45
2,2,-44,-48,-45
2,2,-44,-48,-65
2,2,-44,-56,-65
2,2,-58,-56,-65
2,2,-58,-43,-65
2,2,-58,-43,-60
2,2,-44,-43,-60
2,2,-44,-40,-60
2,2,-44,-40,-60
2,2,-41,-40,-60
2,2,-41,-43,-60
2,2,-41,-43,-61
2,2,-41,-62,-61
2,2,-41,-62,-60
2,2,-56,-62,-60
2,2,-56,-43,-60
2,2,-56,-43,-63
2,2,-45,-43,-63
2,2,-45,-56,-63
2,2,-45,-56,-45
2,2,-59,-56,-45
1,8,-72,-56,-53
1,8,-60,-56,-53
1,8,-60,-71,-53
1,8,-71,-71,-53
1,8,-71,-46,-53
1,8,-71,-46,-54
1,8,-71,-55,-54
1,8,-64,-55,-54
1,8,-64,-55,-40
1,8,-58,-55,-40
1,8,-58,-55,-45
1,8,-60,-55,-45
1,8,-60,-55,-40
1,8,-60,-57,-40
1,8,-60,-57,-54
1,8,-60,-61,-54
1,8,-60,-61,-54
1,8,-60,-61,-41
1,8,-60,-58,-41
1,8,-60,-58,-54
1,8,-60,-61,-54
1,8,-60,-61,-54
1,8,-60,-61,-60
1,8,-60,-57,-60
1,8,-58,-57,-60
1,8,-58,-57,-40
1,8,-58,-47,-40
1,8,-60,-47,-40
1,8,-60,-47,-46
1,8,-64,-47,-46
1,8,-64,-47,-40
1,8,-64,-47,-40
1,8,-71,-47,-40
1,8,-71,-47,-47
1,8,-71,-43,-47
1,8,-71,-57,-47
1,8,-65,-57,-47
1,8,-65,-57,-46
1,8,-65,-43,-46
1,8,-73,-43,-46
1,8,-73,-43,-55
1,8,-73,-61,-55
1,8,-65,-61,-55
1,8,-65,-61,-48
1,8,-65,-61,-55
1,8,-65,-60,-55
1,8,-65,-60,-62
1,8,-65,-60,-55
1,8,-65,-62,-55
1,8,-65,-56,-55
1,8,-65,-56,-39
1,8,-65,-57,-39
1,8,-65,-57,-62
1,8,-65,-69,-62
1,8,-65,-57,-62
1,8,-72,-57,-62
1,8,-72,-57,-61
1,8,-72,-46,-61
1,8,-45,-46,-61
1,8,-45,-46,-55
1,8,-45,-58,-55
1,8,-64,-58,-55
1,8,-64,-58,-40
1,8,-64,-61,-40
1,8,-64,-53,-40
1,8,-60,-53,-40
1,8,-60,-53,-54
1,8,-60,-61,-54
1,8,-64,-61,-54
1,8,-64,-61,-61
1,8,-64,-44,-61
1,8,-73,-44,-61
1,8,-73,-44,-41
1,8,-73,-63,-41
1,8,-63,-63,-41
1,8,-63,-47,-41
1,8,-46,-47,-41
1,8,-46,-47,-50
1,8,-46,-57,-50
1,8,-49,-57,-50
1,8,-49,-69,-50
1,8,-45,-69,-50
1,8,-45,-58,-50
1,8,-64,-58,-50
1,8,-64,-52,-50
1,8,-64,-52,-54
1,8,-64,-58,-54
1,8,-64,-58,-61
1,8,-64,-53,-61
1,8,-64,-62,-61
1,8,-64,-62,-47
1,8,-64,-57,-47
1,8,-49,-57,-47
1,8,-49,-57,-54
1,8,-49,-47,-54
1,8,-64,-47,-54
1,8,-64,-61,-54
1,8,-72,-61,-54
1,8,-72,-70,-54
1,8,-72,-70,-54
1,8,-72,-47,-54
1,8,-72,-47,-54
1,8,-72,-47,-40
1,8,-72,-71,-40
1,8,-60,-71,-40
1,8,-60,-71,-54
1,8,-60,-58,-54
1,8,-75,-58,-54
1,8,-75,-58,-46
1,8,-75,-70,-46
1,8,-46,-70,-46
1,8,-46,-70,-54
1,8,-46,-62,-54
1,8,-72,-62,-54
1,8,-72,-62,-61
1,8,-64,-62,-61
1,8,-64,-62,-61
1,8,-64,-58,-61
1,8,-46,-58,-61
1,8,-49,-58,-61
1,8,-49,-58,-46
1,8,-49,-43,-46
1,8,-60,-43,-46
1,8,-60,-43,-41
1,8,-60,-46,-41
1,8,-63,-46,-41
1,8,-63,-46,-40
1,8,-63,-58,-40
1,8,-63,-58,-40
1,8,-63,-55,-40
1,8,-63,-55,-57
1,8,-63,-49,-57
1,8,-74,-49,-57
1,8,-74,-49,-54
1,8,-74,-59,-54
1,8,-74,-59,-55
1,8,-74,-49,-55
1,8,-59,-49,-55
1,8,-59,-49,-62
1,8,-59,-47,-62
1,8,-65,-47,-62
1,8,-65,-47,-56
1,8,-73,-47,-56
1,8,-73,-47,-54
1,8,-73,-61,-54
1,8,-50,-61,-54
1,8,-50,-49,-54
1,8,-50,-49,-54
1,8,-50,-46,-54
1,8,-61,-46,-54
1,8,-61,-46,-56
1,8,-66,-46,-56
1,8,-66,-46,-61
1,8,-66,-50,-61
1,8,-64,-50,-61
1,8,-64,-50,-40
1,8,-60,-50,-40
1,8,-60,-60,-40
1,8,-60,-60,-40
1,8,-60,-62,-40
1,8,-60,-62,-41
1,8,-60,-62,-41
1,8,-60,-59,-41
1,8,-71,-59,-41
1,8,-71,-59,-55
1,8,-45,-59,-55
1,8,-45,-58,-55
1,8,-45,-58,-60
1,8,-45,-58,-56
1,8,-50,-58,-56
1,8,-50,-58,-56
1,8,-71,-58,-56
1,8,-71,-77,-56
1,8,-71,-77,-62
1,8,-50,-77,-62
1,8,-50,-45,-62
1,8,-50,-45,-55
1,8,-60,-45,-55
1,8,-60,-49,-55
1,8,-60,-49,-62
1,8,-49,-49,-62
1,8,-49,-44,-62
1,8,-49,-44,-54
1,8,-74,-44,-54
1,8,-74,-61,-54
1,8,-74,-61,-61
1,8,-45,-61,-61
1,8,-45,-43,-61
1,8,-45,-43,-55
1,8,-65,-43,-55
1,8,-59,-43,-55
1,8,-59,-57,-55
1,8,-59,-57,-54
1,8,-59,-73,-54
1,8,-59,-59,-54
1,8,-49,-59,-54
1,8,-49,-69,-54
1,8,-49,-69,-55
1,8,-74,-69,-55
1,8,-74,-69,-55
1,8,-63,-69,-55
1,8,-63,-54,-55
1,8,-63,-54,-62
1,8,-74,-54,-62
1,8,-74,-54,-40
1,8,-45,-54,-40
1,8,-45,-69,-40
1,8,-45,-69,-47
1,8,-73,-69,-47
1,8,-73,-46,-47
1,8,-73,-46,-55
1,8,-65,-46,-55
1,8,-65,-71,-55
1,8,-74,-71,-55
1,8,-74,-46,-55
1,8,-74,-46,-54
1,8,-60,-46,-54
1,8,-73,-46,-54
1,8,-73,-61,-54
1,8,-73,-61,-40
1,8,-48,-61,-40
1,8,-48,-44,-40
1,8,-48,-44,-59
1,8,-74,-44,-59
1,8,-74,-44,-54
1,8,-63,-44,-54
1,8,-63,-57,-54
1,8,-63,-57,-55
1,8,-76,-57,-55
1,8,-76,-71,-55
1,8,-76,-71,-54
1,8,-46,-71,-54
1,8,-46,-57,-54
1,8,-46,-57,-48
1,8,-64,-57,-48
1,8,-61,-57,-48
1,8,-61,-57,-63
1,8,-73,-57,-63
1,8,-73,-47,-63
1,8,-73,-47,-55
1,8,-63,-47,-55
1,8,-63,-44,-55
1,8,-63,-44,-63
1,8,-73,-44,-63
1,8,-73,-61,-63
1,8,-73,-61,-42
1,8,-63,-61,-42
1,8,-63,-58,-42
1,8,-63,-58,-40
1,8,-63,-60,-40
1,8,-64,-60,-40
1,8,-64,-60,-56
1,8,-60,-60,-56
1,8,-60,-62,-56
1,8,-59,-62,-56
1,8,-59,-58,-56
1,8,-59,-58,-55
1,8,-65,-58,-55
1,8,-65,-61,-55
1,8,-65,-61,-54
1,8,-60,-61,-54
1,8,-60,-43,-54
1,8,-60,-43,-55
1,8,-45,-43,-55
1,8,-45,-43,-55
1,8,-49,-43,-55
1,8,-49,-43,-55
1,8,-49,-43,-56
1,8,-45,-43,-56
1,8,-45,-69,-56
1,8,-45,-69,-47
1,8,-49,-69,-47
1,8,-49,-43,-47
1,8,-49,-43,-56
1,8,-75,-43,-56
1,8,-74,-43,-56
1,8,-74,-70,-56
1,8,-74,-70,-40
1,8,-60,-70,-40
1,8,-60,-70,-56
1,8,-74,-70,-56
1,8,-74,-68,-56
1,8,-74,-68,-57
1,8,-46,-68,-57
1,8,-46,-58,-57
1,8,-46,-58,-56
1,8,-50,-58,-56
1,8,-50,-69,-56
1,8,-50,-43,-56
1,8,-50,-43,-54
1,8,-50,-70,-54
1,8,-50,-70,-47
1,8,-60,-70,-47
1,8,-60,-59,-47
1,8,-60,-68,-47
1,8,-75,-68,-47
1,8,-75,-62,-47
1,8,-75,-62,-40
1,8,-48,-62,-40
1,8,-48,-45,-40
1,8,-61,-45,-40
1,8,-61,-52,-40
1,8,-61,-52,-40
1,8,-61,-52,-40
1,8,-61,-69,-40
1,8,-61,-69,-40
1,8,-73,-69,-40
1,8,-73,-48,-40
1,8,-73,-48,-40
1,8,-63,-48,-40
1,8,-63,-48,-62
1,8,-73,-48,-62
1,8,-73,-60,-62
1,8,-73,-60,-41
1,8,-60,-60,-41
1,8,-61,-60,-41
1,8,-61,-53,-41
1,8,-61,-53,-40
1,8,-64,-53,-40
1,8,-64,-61,-40
1,8,-64,-61,-61
1,8,-60,-61,-61
1,8,-60,-54,-61
1,8,-60,-54,-41
1,8,-49,-54,-41
1,8,-49,-61,-41
1,8,-49,-61,-55
1,8,-73,-61,-55
1,8,-73,-58,-55
1,8,-73,-58,-62
1,8,-73,-54,-62
1,8,-61,-54,-62
1,8,-61,-43,-62
1,8,-61,-43,-61
1,8,-49,-43,-61
1,8,-49,-70,-61
1,8,-49,-70,-41
1,8,-60,-70,-41
1,8,-60,-70,-47
1,8,-65,-70,-47
1,8,-65,-53,-47
1,8,-65,-53,-54
1,8,-60,-53,-54
1,8,-60,-60,-54
1,8,-65,-60,-54
1,8,-65,-70,-54
1,8,-74,-70,-54
1,8,-74,-43,-54
1,8,-60,-43,-54
1,8,-60,-62,-54
1,8,-50,-62,-54
1,8,-50,-62,-41
1,8,-60,-62,-41
1,8,-60,-62,-54
1,8,-60,-60,-54
1,8,-60,-60,-54
1,8,-60,-62,-54
1,8,-61,-62,-54
1,8,-61,-62,-40
1,8,-60,-62,-40
1,8,-60,-70,-40
1,8,-49,-70,-40
1,8,-49,-43,-40
1,8,-60,-43,-40
1,8,-60,-43,-40
1,8,-73,-43,-40
1,8,-73,-43,-40
1,8,-60,-43,-40
1,8,-73,-43,-40
1,8,-73,-55,-40
1,8,-73,-55,-40
1,8,-45,-55,-40
1,8,-45,-58,-40
1,8,-45,-58,-62
1,8,-49,-58,-62
1,8,-49,-54,-62
1,8,-49,-58,-62
1,8,-49,-58,-54
1,8,-60,-58,-54
1,8,-60,-48,-54
1,8,-60,-48,-41
1,8,-60,-58,-41
1,8,-60,-58,-55
1,8,-60,-58,-55
1,8,-60,-58,-62
1,8,-60,-56,-62
1,8,-50,-56,-62
1,8,-50,-56,-40
1,8,-50,-56,-47
1,8,-50,-55,-47
1,8,-63,-55,-47
1,8,-63,-55,-40
1,8,-63,-62,-40
1,8,-74,-62,-40
1,8,-74,-62,-63
1,8,-46,-62,-63
1,8,-46,-62,-41
1,8,-46,-48,-41
1,8,-65,-48,-41
1,8,-65,-48,-47
1,8,-65,-58,-47
1,8,-60,-58,-47
1,8,-60,-58,-55
1,8,-60,-52,-55
1,8,-60,-52,-62
1,8,-60,-52,-40
1,8,-60,-68,-40
1,8,-64,-68,-40
1,8,-59,-68,-40
1,8,-59,-68,-47
1,8,-73,-68,-47
1,8,-73,-68,-55
1,8,-73,-58,-55
1,8,-73,-58,-40
1,8,-73,-61,-40
1,8,-73,-61,-54
1,8,-73,-52,-54
1,8,-73,-52,-62
1,8,-73,-58,-62
1,8,-73,-58,-62
1,8,-73,-58,-55
1,8,-73,-68,-55
1,8,-65,-68,-55
1,8,-65,-68,-63
1,8,-65,-68,-55
1,8,-65,-67,-55
1,8,-64,-67,-55
1,8,-64,-57,-55
1,8,-60,-57,-55
1,8,-60,-52,-55
1,8,-73,-52,-55
1,8,-73,-52,-63
1,8,-73,-44,-63
1,8,-45,-44,-63
1,8,-45,-44,-55
1,8,-45,-44,-41
1,8,-74,-44,-41
1,8,-74,-44,-40
1,8,-63,-44,-40
1,8,-63,-44,-55
1,8,-59,-44,-55
1,8,-59,-44,-47
1,8,-59,-60,-47
1,8,-61,-60,-47
1,8,-61,-60,-56
1,8,-61,-57,-56
1,8,-60,-57,-56
1,8,-60,-57,-47
1,8,-60,-68,-47
1,8,-64,-68,-47
1,8,-64,-43,-47
1,8,-59,-43,-47
1,8,-59,-43,-61
1,8,-59,-68,-61
1,8,-63,-68,-61
1,8,-63,-68,-55
1,8,-60,-68,-55
1,8,-60,-68,-47
1,8,-60,-68,-47
1,8,-60,-68,-40
1,8,-45,-68,-40
1,8,-45,-68,-40
1,8,-45,-58,-40
1,8,-64,-58,-40
1,8,-64,-58,-56
1,8,-64,-62,-56
1,8,-45,-62,-56
1,8,-45,-62,-54
1,8,-45,-44,-54
1,8,-59,-44,-54
1,8,-59,-44,-61
1,8,-59,-47,-61
1,8,-50,-47,-61
1,8,-50,-68,-61
1,8,-49,-68,-61
1,8,-60,-68,-61
1,8,-60,-68,-40
1,8,-60,-59,-40
1,8,-60,-59,-61
1,8,-60,-47,-61
1,8,-60,-47,-41
1,8,-60,-44,-41
1,8,-60,-44,-54
1,8,-60,-61,-54
1,8,-45,-61,-54
1,8,-45,-61,-61
1,8,-45,-61,-54
1,8,-61,-61,-54
1,8,-61,-61,-39
1,8,-61,-59,-39
1,8,-73,-59,-39
1,8,-73,-59,-40
1,8,-64,-59,-40
1,8,-64,-72,-40
1,8,-64,-72,-47
1,8,-64,-43,-47
1,8,-49,-43,-47
1,8,-49,-47,-47
1,8,-49,-47,-47
1,8,-49,-69,-47
1,8,-49,-69,-40
1,8,-64,-69,-40
1,8,-64,-69,-54
1,8,-73,-69,-54
1,8,-73,-69,-47
1,8,-64,-69,-47
1,8,-64,-69,-41
1,8,-64,-59,-41
1,8,-64,-59,-40
1,8,-49,-59,-40
1,8,-49,-46,-40
1,8,-49,-46,-63
1,8,-45,-46,-63
1,8,-45,-44,-63
1,8,-45,-44,-54
1,8,-45,-43,-54
1,8,-49,-43,-54
1,8,-49,-43,-61
1,8,-49,-69,-61
1,8,-60,-69,-61
1,8,-60,-69,-54
1,8,-60,-46,-54
1,8,-49,-46,-54
1,8,-49,-46,-62
1,8,-46,-46,-62
1,8,-46,-68,-62
1,8,-64,-68,-62
1,8,-64,-46,-62
1,8,-64,-46,-62
1,8,-60,-46,-62
1,8,-60,-46,-54
1,8,-64,-46,-54
1,8,-64,-44,-54
1,8,-60,-44,-54
1,8,-60,-44,-54
1,8,-60,-61,-54
1,8,-60,-61,-55
1,8,-60,-52,-55
1,8,-60,-52,-47
1,8,-60,-65,-47
1,8,-45,-65,-47
1,8,-45,-65,-40
1,8,-45,-52,-40
1,8,-64,-52,-40
1,8,-64,-52,-47
1,8,-64,-43,-47
1,8,-60,-43,-47
1,8,-60,-43,-54
1,8,-60,-67,-54
1,8,-49,-67,-54
1,8,-49,-67,-62
1,8,-49,-58,-62
1,8,-74,-58,-62
1,8,-74,-58,-55
1,8,-60,-58,-55
1,8,-60,-51,-55
1,8,-60,-51,-55
1,8,-60,-61,-55
1,8,-49,-61,-55
1,8,-49,-61,-55
1,8,-60,-61,-55
1,8,-60,-61,-47
1,8,-74,-61,-47
1,8,-74,-61,-54
1,8,-74,-57,-54
1,8,-60,-57,-54
1,8,-60,-57,-39
1,8,-74,-57,-39
1,8,-74,-57,-40
1,8,-74,-58,-40
1,8,-60,-58,-40
1,8,-60,-58,-63
1,8,-60,-60,-63
1,8,-49,-60,-63
1,8,-49,-60,-55
1,8,-49,-57,-55
1,8,-56,-57,-55
1,8,-56,-57,-62
1,8,-56,-60,-62
1,8,-49,-60,-62
1,8,-49,-60,-54
1,8,-49,-68,-54
1,8,-74,-68,-54
1,8,-74,-68,-55
1,8,-74,-46,-55
1,8,-64,-46,-55
1,8,-64,-46,-40
1,8,-73,-46,-40
1,8,-56,-46,-40
1,8,-56,-46,-54
1,8,-74,-46,-54
1,8,-74,-46,-40
1,8,-74,-57,-40
1,8,-63,-57,-40
1,8,-63,-57,-62
1,8,-63,-43,-62
1,8,-49,-43,-62
1,8,-73,-43,-62
1,8,-73,-43,-54
1,8,-73,-69,-54
1,8,-73,-69,-55
1,8,-73,-47,-55
1,8,-60,-47,-55
1,8,-60,-47,-40
1,8,-60,-60,-40
1,8,-74,-60,-40
1,8,-74,-60,-47
1,8,-74,-69,-47
1,8,-64,-69,-47
1,8,-64,-69,-41
1,8,-64,-57,-41
1,8,-74,-57,-41
1,8,-74,-57,-61
1,8,-74,-60,-61
1,8,-49,-60,-61
1,8,-49,-60,-40
1,8,-49,-53,-40
1,8,-45,-53,-40
1,8,-45,-53,-62
1,8,-45,-46,-62
1,8,-60,-46,-62
1,8,-60,-53,-62
1,8,-45,-53,-62
1,8,-45,-53,-62
1,8,-65,-53,-62
1,8,-65,-53,-55
1,8,-45,-53,-55
1,8,-45,-53,-40
1,8,-45,-46,-40
1,8,-60,-46,-40
1,8,-60,-46,-40
1,8,-60,-57,-40
1,8,-46,-57,-40
1,8,-46,-47,-40
1,8,-49,-47,-40
1,8,-60,-47,-40
1,8,-60,-47,-47
1,8,-60,-47,-55
1,8,-60,-68,-55
1,8,-46,-68,-55
1,8,-46,-68,-47
1,8,-46,-53,-47
1,8,-46,-47,-47
1,8,-65,-47,-47
1,8,-65,-53,-47
1,8,-74,-53,-47
1,8,-74,-44,-47
1,8,-74,-44,-62
1,8,-49,-44,-62
1,8,-49,-68,-62
1,8,-49,-68,-40
1,8,-72,-68,-40
1,8,-72,-61,-40
1,8,-72,-61,-63
1,8,-61,-61,-63
1,8,-61,-68,-63
1,8,-61,-68,-54
1,8,-64,-68,-54
1,8,-64,-58,-54
1,8,-61,-58,-54
1,8,-61,-51,-54
1,8,-61,-51,-40
1,8,-73,-51,-40
1,8,-73,-44,-40
1,8,-73,-44,-55
1,8,-45,-44,-55
1,8,-45,-44,-47
1,8,-63,-44,-47
1,8,-63,-58,-47
1,8,-63,-58,-54
1,8,-60,-58,-54
1,8,-60,-46,-54
1,8,-60,-46,-63
1,8,-49,-46,-63
1,8,-49,-57,-63
1,8,-60,-57,-63
1,8,-60,-53,-63
1,8,-60,-53,-62
1,8,-49,-53,-62
1,8,-49,-57,-62
1,8,-49,-57,-56
1,8,-59,-57,-56
1,8,-59,-57,-47
1,8,-49,-57,-47
1,8,-49,-43,-47
1,8,-49,-43,-55
1,8,-59,-43,-55
1,8,-59,-68,-55
1,8,-59,-68,-47
1,8,-50,-68,-47
1,8,-50,-57,-47
1,8,-50,-57,-40
1,8,-50,-61,-40
1,8,-50,-61,-40
1,8,-49,-61,-40
1,8,-49,-59,-40
1,8,-49,-59,-54
1,8,-49,-60,-54
1,8,-49,-60,-41
1,8,-49,-58,-41
1,8,-49,-58,-54
1,8,-49,-58,-63
1,8,-60,-58,-63
1,8,-60,-52,-63
1,8,-60,-52,-55
1,8,-73,-52,-55
1,8,-73,-43,-55
1,8,-64,-43,-55
1,8,-64,-68,-55
1,8,-64,-62,-55
1,8,-64,-62,-41
1,8,-64,-62,-48
1,8,-64,-62,-41
1,8,-74,-62,-41
1,8,-74,-62,-41
1,8,-60,-62,-41
1,8,-60,-62,-41
1,8,-60,-62,-62
1,8,-63,-62,-62
1,8,-63,-57,-62
1,8,-63,-57,-40
1,8,-60,-57,-40
1,8,-60,-62,-40
1,8,-60,-62,-55
1,8,-60,-52,-55
1,8,-60,-52,-55
1,8,-60,-52,-55
1,8,-60,-61,-55
1,8,-60,-61,-55
1,8,-49,-61,-55
1,8,-49,-68,-55
1,8,-45,-68,-55
1,8,-45,-44,-55
1,8,-45,-44,-54
1,8,-45,-51,-54
1,8,-45,-51,-56
1,8,-60,-51,-56
1,8,-60,-44,-56
1,8,-60,-44,-47
1,8,-73,-44,-47
1,8,-49,-44,-47
1,8,-49,-43,-47
1,8,-49,-43,-62
1,8,-45,-43,-62
1,8,-45,-47,-62
1,8,-45,-47,-40
1,8,-64,-47,-40
1,8,-64,-58,-40
1,8,-64,-58,-62
1,8,-74,-58,-62
1,8,-74,-51,-62
1,8,-74,-51,-40
1,8,-49,-51,-40
1,8,-49,-51,-47
1,8,-45,-51,-47
1,8,-45,-51,-47
1,8,-45,-60,-47
1,8,-74,-60,-47
1,8,-74,-69,-47
1,8,-74,-69,-62
1,8,-49,-69,-62
1,8,-49,-61,-62
1,8,-73,-61,-62
1,8,-73,-69,-62
1,8,-73,-69,-62
1,8,-49,-69,-62
1,8,-49,-69,-40
1,8,-60,-69,-40
1,8,-60,-46,-40
1,8,-60,-46,-40
1,8,-62,-46,-40
1,8,-62,-53,-40
1,8,-62,-53,-56
1,8,-60,-53,-56
1,8,-60,-47,-56
1,8,-60,-47,-56
1,8,-60,-47,-56
1,8,-60,-47,-56
1,8,-60,-47,-56
1,8,-60,-58,-56
1,8,-60,-58,-54
1,8,-49,-58,-54
1,8,-49,-52,-54
1,8,-49,-52,-48
1,8,-45,-52,-48
1,8,-45,-61,-48
1,8,-45,-61,-40
1,8,-64,-61,-40
1,8,-64,-68,-40
1,8,-64,-68,-40
1,8,-64,-60,-40
1,8,-64,-60,-61
1,8,-65,-60,-61
1,8,-65,-60,-40
1,8,-61,-60,-40
1,8,-61,-60,-40
1,8,-46,-60,-40
1,8,-46,-43,-40
1,8,-46,-43,-55
1,8,-74,-43,-55
1,8,-74,-66,-55
1,8,-74,-66,-55
1,8,-49,-66,-55
1,8,-49,-46,-55
1,8,-49,-46,-62
1,8,-60,-46,-62
1,8,-60,-46,-41
1,8,-60,-61,-41
1,8,-60,-61,-40
1,8,-60,-61,-61
1,8,-60,-61,-61
1,8,-60,-61,-41
1,8,-60,-58,-41
1,8,-50,-58,-41
1,8,-50,-58,-47
1,8,-50,-61,-47
1,8,-50,-61,-56
1,8,-60,-61,-56
1,8,-60,-61,-47
1,8,-46,-61,-47
1,8,-46,-68,-47
1,8,-46,-68,-40
1,8,-46,-60,-40
1,8,-46,-60,-47
1,8,-49,-60,-47
1,8,-49,-68,-47
1,8,-49,-68,-40
1,8,-73,-68,-40
1,8,-73,-60,-40
1,8,-73,-60,-47
1,8,-46,-60,-47
1,8,-46,-66,-47
1,8,-46,-66,-55
1,8,-72,-66,-55
1,8,-72,-46,-55
1,8,-72,-46,-55
1,8,-72,-46,-54
1,8,-58,-46,-54
1,8,-58,-46,-47
1,8,-58,-67,-47
1,8,-58,-67,-55
1,8,-72,-67,-55
1,8,-72,-58,-55
1,8,-72,-58,-61
1,8,-72,-51,-61
1,8,-72,-51,-41
1,8,-72,-60,-41
1,8,-72,-60,-47
1,8,-60,-60,-47
1,8,-60,-69,-47
1,8,-60,-69,-56
1,8,-65,-69,-56
1,8,-65,-69,-61
1,8,-65,-44,-61
1,8,-65,-44,-55
1,8,-60,-44,-55
1,8,-60,-61,-55
1,8,-60,-61,-47
1,8,-64,-61,-47
1,8,-64,-58,-47
1,8,-60,-58,-47
1,8,-60,-61,-47
1,8,-60,-61,-47
1,8,-65,-61,-47
1,8,-65,-57,-47
1,8,-65,-57,-40
1,8,-45,-57,-40
1,8,-45,-61,-40
1,8,-45,-61,-41
1,8,-65,-61,-41
1,8,-65,-69,-41
1,8,-65,-69,-54
1,8,-46,-69,-54
1,8,-46,-61,-54
1,8,-46,-61,-55
1,8,-46,-61,-55
1,8,-73,-61,-55
1,8,-73,-68,-55
1,8,-73,-68,-61
1,8,-46,-68,-61
1,8,-46,-68,-39
1,8,-65,-68,-39
1,8,-65,-68,-41
1,8,-60,-68,-41
1,8,-60,-61,-41
1,8,-60,-61,-55
1,8,-50,-61,-55
1,8,-50,-44,-55
1,8,-50,-44,-41
1,8,-73,-44,-41
1,8,-73,-52,-41
1,8,-73,-52,-54
1,8,-50,-52,-54
1,8,-45,-52,-54
1,8,-45,-59,-54
1,8,-45,-59,-40
1,8,-64,-59,-40
1,8,-64,-59,-62
1,8,-59,-59,-62
1,8,-59,-59,-40
1,8,-49,-59,-40
1,8,-49,-59,-41
1,8,-59,-59,-41
1,8,-59,-52,-41
1,8,-59,-52,-47
1,8,-60,-52,-47
1,8,-60,-58,-47
1,8,-60,-58,-55
1,8,-59,-58,-55
1,8,-59,-61,-55
1,8,-59,-61,-54
1,8,-49,-61,-54
1,8,-49,-43,-54
1,8,-49,-43,-63
1,8,-59,-43,-63
1,8,-59,-43,-40
1,8,-59,-69,-40
1,8,-59,-69,-54
1,8,-46,-69,-54
1,8,-46,-43,-54
1,8,-46,-68,-54
1,8,-46,-68,-54
1,8,-46,-68,-57
1,8,-50,-68,-57
1,8,-50,-68,-54
1,8,-73,-68,-54
1,8,-73,-43,-54
1,8,-73,-53,-54
1,8,-73,-53,-40
1,8,-73,-56,-40
1,8,-73,-56,-40
1,8,-65,-56,-40
1,8,-65,-61,-40
1,8,-65,-61,-57
1,8,-72,-61,-57
1,8,-72,-43,-57
1,8,-60,-43,-57
1,8,-60,-46,-57
1,8,-60,-53,-57
1,8,-60,-53,-47
1,8,-73,-53,-47
1,8,-73,-53,-54
1,8,-65,-53,-54
1,8,-73,-53,-54
1,8,-73,-56,-54
1,8,-73,-56,-54
1,8,-45,-56,-54
1,8,-45,-61,-54
1,8,-45,-56,-54
1,8,-45,-56,-40
1,8,-60,-56,-40
1,8,-60,-46,-40
1,8,-60,-46,-48
1,8,-73,-46,-48
1,8,-73,-43,-48
1,8,-73,-68,-48
1,8,-73,-68,-55
1,8,-60,-68,-55
1,8,-60,-58,-55
1,8,-60,-58,-47
1,8,-60,-47,-47
1,8,-60,-47,-55
1,8,-73,-47,-55
1,8,-73,-57,-55
1,8,-73,-57,-62
1,8,-73,-69,-62
1,8,-73,-69,-40
1,8,-72,-69,-40
1,8,-72,-57,-40
1,8,-72,-57,-47
1,8,-60,-57,-47
1,8,-60,-54,-47
1,8,-60,-54,-54
1,8,-59,-54,-54
1,8,-59,-58,-54
1,8,-59,-58,-47
1,8,-45,-58,-47
1,8,-45,-59,-47
1,8,-45,-59,-56
1,8,-59,-59,-56
1,8,-59,-57,-56
1,8,-59,-57,-47
1,8,-45,-57,-47
1,8,-45,-60,-47
1,8,-45,-60,-54
1,8,-59,-60,-54
1,8,-59,-57,-54
1,8,-59,-57,-46
1,8,-45,-57,-46
1,8,-45,-68,-46
1,8,-65,-68,-46
1,8,-65,-60,-46
1,8,-65,-60,-61
1,8,-58,-60,-61
1,8,-58,-68,-61
1,8,-58,-68,-46
1,8,-72,-68,-46
1,8,-72,-43,-46
1,8,-72,-43,-54
1,8,-64,-43,-54
1,8,-64,-69,-54
1,8,-64,-69,-62
1,8,-64,-46,-62
1,8,-64,-46,-40
1,8,-64,-46,-40
1,8,-64,-53,-40
1,8,-64,-53,-61
1,8,-60,-53,-61
1,8,-60,-60,-61
1,8,-60,-60,-55
1,8,-65,-60,-55
1,8,-65,-60,-55
1,8,-65,-60,-38
1,8,-65,-58,-38
1,8,-49,-58,-38
1,8,-49,-60,-38
1,8,-49,-60,-55
1,8,-46,-60,-55
1,8,-65,-60,-55
1,8,-65,-68,-55
1,8,-65,-68,-54
1,8,-59,-68,-54
1,8,-59,-68,-54
1,8,-61,-68,-54
1,8,-61,-60,-54
1,8,-61,-43,-54
1,8,-61,-43,-54
1,8,-60,-43,-54
1,8,-60,-43,-62
1,8,-65,-43,-62
1,8,-65,-53,-62
1,8,-65,-43,-62
1,8,-65,-43,-56
1,8,-65,-43,-54
1,8,-50,-43,-54
1,8,-50,-43,-47
1,8,-60,-43,-47
1,8,-60,-46,-47
1,8,-60,-46,-40
1,8,-60,-46,-40
1,8,-60,-52,-40
1,8,-60,-52,-40
1,8,-60,-52,-61
1,8,-60,-52,-40
1,8,-45,-52,-40
1,8,-45,-60,-40
1,8,-45,-60,-61
1,8,-63,-60,-61
1,8,-63,-53,-61
1,8,-63,-53,-54
1,8,-60,-53,-54
1,8,-60,-46,-54
1,8,-60,-46,-46
1,8,-49,-46,-46
1,8,-49,-68,-46
1,8,-49,-68,-40
1,8,-49,-46,-40
1,8,-49,-46,-40
1,8,-50,-46,-40
1,8,-50,-68,-40
1,8,-60,-68,-40
1,8,-60,-61,-40
1,8,-60,-61,-40
1,8,-49,-61,-40
1,8,-49,-68,-40
1,8,-49,-59,-40
1,8,-49,-59,-56
1,8,-49,-68,-56
1,8,-49,-58,-56
1,8,-73,-58,-56
1,8,-73,-58,-55
1,8,-73,-46,-55
1,8,-60,-46,-55
1,8,-60,-46,-61
1,8,-60,-57,-61
1,8,-60,-57,-61
1,8,-60,-57,-55
1,8,-45,-57,-55
1,8,-45,-57,-61
1,8,-73,-57,-61
1,8,-73,-59,-61
1,8,-63,-59,-61
1,8,-63,-52,-61
1,8,-63,-52,-47
1,8,-63,-43,-47
1,8,-63,-43,-41
1,8,-65,-43,-41
1,8,-65,-43,-54
1,8,-59,-43,-54
1,8,-59,-43,-54
1,8,-59,-43,-40
1,8,-50,-43,-40
1,8,-50,-46,-40
1,8,-50,-57,-40
1,8,-50,-57,-55
1,8,-64,-57,-55
1,8,-64,-53,-55
1,8,-64,-53,-48
1,8,-45,-53,-48
1,8,-45,-62,-48
1,8,-45,-62,-39
1,8,-49,-62,-39
1,8,-49,-70,-39
1,8,-49,-70,-40
1,8,-45,-70,-40
1,8,-45,-57,-40
1,8,-72,-57,-40
1,8,-72,-53,-40
1,8,-72,-53,-47
1,8,-60,-53,-47
1,8,-60,-46,-47
1,8,-60,-46,-54
1,8,-49,-46,-54
1,8,-49,-46,-55
1,8,-60,-46,-55
1,8,-60,-46,-55
1,8,-60,-58,-55
1,8,-60,-58,-61
1,8,-60,-58,-40
1,8,-60,-69,-40
1,8,-60,-69,-40
1,8,-60,-60,-40
1,8,-60,-69,-40
1,8,-59,-69,-40
1,8,-59,-69,-63
1,8,-59,-57,-63
1,8,-45,-57,-63
1,8,-45,-57,-54
1,8,-45,-50,-54
1,8,-65,-50,-54
1,8,-65,-50,-55
1,8,-65,-43,-55
1,8,-73,-43,-55
1,8,-73,-43,-47
1,8,-73,-67,-47
1,8,-73,-67,-40
1,8,-73,-61,-40
1,8,-73,-61,-40
1,8,-73,-61,-63
1,8,-73,-69,-63
1,8,-73,-69,-55
1,8,-73,-46,-55
1,8,-73,-46,-55
1,8,-73,-46,-62
1,8,-73,-53,-62
1,8,-65,-53,-62
1,8,-65,-53,-54
1,8,-65,-53,-55
1,8,-65,-43,-55
1,8,-65,-43,-55
1,8,-65,-61,-55
1,8,-73,-61,-55
1,8,-73,-61,-55
1,8,-73,-43,-55
1,8,-64,-43,-55
1,8,-64,-43,-55
1,8,-64,-57,-55
1,8,-46,-57,-55
1,8,-46,-60,-55
1,8,-63,-60,-55
1,8,-63,-69,-55
1,8,-63,-69,-40
1,8,-72,-69,-40
1,8,-72,-43,-40
1,8,-72,-43,-63
1,8,-65,-43,-63
1,8,-65,-70,-63
1,8,-65,-70,-54
1,8,-73,-70,-54
1,8,-73,-60,-54
1,8,-73,-60,-56
1,8,-73,-58,-56
1,8,-73,-58,-61
1,8,-59,-58,-61
1,8,-59,-58,-40
1,8,-63,-58,-40
1,8,-63,-58,-62
1,8,-63,-58,-55
1,8,-49,-58,-55
1,8,-49,-57,-55
1,8,-49,-57,-47
1,8,-45,-57,-47
1,8,-45,-60,-47
1,8,-45,-60,-40
1,8,-63,-60,-40
1,8,-63,-60,-61
1,8,-73,-60,-61
1,8,-73,-60,-61
1,8,-73,-60,-54
1,8,-64,-60,-54
1,8,-73,-60,-54
1,8,-73,-45,-54
1,8,-63,-45,-54
1,8,-63,-45,-40
1,8,-63,-59,-40
1,8,-63,-59,-56
1,8,-60,-59,-56
1,8,-60,-57,-56
1,8,-60,-57,-54
1,8,-49,-57,-54
1,8,-49,-60,-54
1,8,-49,-69,-54
1,8,-49,-69,-47
1,8,-60,-69,-47
1,8,-60,-58,-47
1,8,-60,-58,-40
1,8,-65,-58,-40
1,8,-65,-58,-62
1,8,-60,-58,-62
1,8,-60,-43,-62
1,8,-60,-43,-54
1,8,-60,-53,-54
1,8,-56,-53,-54
1,8,-56,-57,-54
1,8,-56,-57,-54
1,8,-63,-57,-54
1,8,-63,-57,-62
1,8,-60,-57,-62
1,8,-60,-43,-62
1,8,-59,-43,-62
1,8,-59,-43,-40
1,8,-59,-58,-40
1,8,-59,-58,-40
1,8,-59,-52,-40
1,8,-59,-52,-56
1,8,-59,-46,-56
1,8,-59,-46,-54
1,8,-72,-46,-54
1,8,-72,-68,-54
1,8,-72,-46,-54
1,8,-72,-46,-54
1,8,-72,-52,-54
1,8,-72,-52,-61
1,8,-63,-52,-61
1,8,-63,-46,-61
1,8,-63,-68,-61
1,8,-63,-68,-62
1,8,-46,-68,-62
1,8,-46,-46,-62
1,8,-46,-46,-40
1,8,-64,-46,-40
1,8,-64,-70,-40
1,8,-64,-70,-47
1,8,-73,-70,-47
1,8,-73,-70,-54
1,8,-50,-70,-54
1,8,-50,-69,-54
1,8,-50,-69,-40
1,8,-50,-69,-62
1,8,-64,-69,-62
1,8,-64,-44,-62
1,8,-64,-44,-54
1,8,-75,-44,-54
1,8,-75,-66,-54
1,8,-75,-66,-61
1,8,-60,-66,-61
1,8,-60,-43,-61
1,8,-60,-43,-55
1,8,-60,-43,-55
1,8,-60,-61,-55
1,8,-60,-61,-63
1,8,-60,-61,-63
1,8,-60,-44,-63
1,8,-60,-44,-55
1,8,-49,-44,-55
1,8,-60,-44,-55
1,8,-60,-44,-55
1,8,-60,-68,-55
1,8,-60,-68,-61
1,8,-60,-57,-61
1,8,-60,-57,-55
1,8,-49,-57,-55
1,8,-49,-70,-55
1,8,-60,-70,-55
1,8,-60,-57,-55
1,8,-60,-61,-55
1,8,-60,-61,-41
1,8,-60,-71,-41
1,8,-60,-71,-47
1,8,-60,-43,-47
1,8,-60,-43,-54
1,8,-59,-43,-54
1,8,-59,-57,-54
1,8,-59,-57,-55
1,8,-60,-57,-55
1,8,-60,-47,-55
1,8,-60,-47,-55
1,8,-60,-57,-55
1,8,-60,-69,-55
1,8,-73,-69,-55
1,8,-73,-46,-55
1,8,-65,-46,-55
1,8,-65,-52,-55
1,8,-58,-52,-55
1,8,-58,-60,-55
1,8,-58,-60,-46
1,8,-45,-60,-46
1,8,-45,-69,-46
1,8,-45,-69,-54
1,8,-49,-69,-54
1,8,-49,-43,-54
1,8,-49,-43,-39
1,8,-49,-46,-39
1,8,-49,-44,-39
1,8,-49,-44,-40
1,8,-49,-68,-40
1,8,-49,-68,-40
1,8,-49,-57,-40
1,8,-49,-57,-55
1,8,-60,-57,-55
1,8,-60,-53,-55
1,8,-60,-53,-47
1,8,-49,-53,-47
1,8,-49,-44,-47
1,8,-58,-44,-47
1,8,-58,-44,-40
1,8,-49,-44,-40
1,8,-49,-61,-40
1,8,-62,-61,-40
1,8,-62,-43,-40
1,8,-62,-43,-40
1,8,-62,-61,-40
1,8,-62,-61,-55
1,8,-62,-44,-55
1,8,-62,-44,-40
1,8,-62,-68,-40
1,8,-62,-68,-63
1,8,-73,-68,-63
1,8,-73,-43,-63
1,8,-73,-43,-55
1,8,-73,-47,-55
1,8,-73,-47,-40
1,8,-73,-57,-40
1,8,-73,-57,-40
1,8,-66,-57,-40
1,8,-66,-68,-40
1,8,-71,-68,-40
1,8,-71,-47,-40
1,8,-71,-47,-54
1,8,-46,-47,-54
1,8,-46,-57,-54
1,8,-46,-57,-41
1,8,-73,-57,-41
1,8,-73,-61,-41
1,8,-73,-68,-41
1,8,-73,-68,-56
1,8,-72,-68,-56
1,8,-72,-47,-56
1,8,-72,-47,-47
1,8,-50,-47,-47
1,8,-50,-58,-47
1,8,-50,-58,-55
1,8,-72,-58,-55
1,8,-72,-46,-55
1,8,-72,-46,-61
1,8,-72,-67,-61
1,8,-72,-67,-55
1,8,-58,-67,-55
1,8,-58,-63,-55
1,8,-50,-63,-55
1,8,-50,-63,-55
1,8,-56,-63,-55
1,8,-56,-62,-55
1,8,-56,-62,-40
1,8,-56,-62,-40
1,8,-56,-47,-40
1,8,-56,-47,-54
1,8,-49,-47,-54
1,8,-49,-67,-54
1,8,-49,-67,-61
1,8,-45,-67,-61
1,8,-45,-67,-40
1,8,-45,-53,-40
1,8,-45,-62,-40
1,8,-45,-62,-54
1,8,-45,-43,-54
1,8,-45,-43,-62
1,8,-60,-43,-62
1,8,-60,-61,-62
1,8,-60,-52,-62
1,8,-49,-52,-62
1,8,-49,-52,-46
1,8,-49,-68,-46
1,8,-49,-68,-41
1,8,-49,-58,-41
1,8,-74,-58,-41
1,8,-74,-58,-61
1,8,-74,-56,-61
1,8,-60,-56,-61
1,8,-60,-56,-55
1,8,-60,-58,-55
1,8,-59,-58,-55
1,8,-59,-58,-63
1,8,-59,-56,-63
1,8,-60,-56,-63
1,8,-60,-56,-63
1,8,-60,-57,-63
1,8,-64,-57,-63
1,8,-64,-57,-40
1,8,-64,-70,-40
1,8,-45,-70,-40
1,8,-45,-70,-61
1,8,-45,-61,-61
1,8,-49,-61,-61
1,8,-49,-61,-54
1,8,-49,-70,-54
1,8,-49,-61,-54
1,8,-49,-61,-40
1,8,-49,-69,-40
1,8,-49,-58,-40
1,8,-57,-58,-40
1,8,-57,-58,-55
1,8,-57,-46,-55
1,8,-64,-46,-55
1,8,-64,-46,-40
1,8,-64,-43,-40
1,8,-71,-43,-40
1,8,-71,-43,-40
1,8,-71,-69,-40
1,8,-46,-69,-40
1,8,-46,-69,-40
1,8,-46,-57,-40
1,8,-65,-57,-40
1,8,-65,-57,-62
1,8,-60,-57,-62
1,8,-60,-57,-40
1,8,-60,-61,-40
1,8,-50,-61,-40
1,8,-50,-61,-47
1,8,-50,-57,-47
1,8,-60,-57,-47
1,8,-60,-57,-54
1,8,-60,-46,-54
1,8,-66,-46,-54
1,8,-57,-46,-54
1,8,-57,-43,-54
1,8,-71,-43,-54
1,8,-71,-43,-54
1,8,-71,-69,-54
1,8,-71,-69,-55
1,8,-71,-43,-55
1,8,-71,-43,-40
1,8,-71,-54,-40
1,8,-71,-54,-57
1,8,-71,-46,-57
1,8,-71,-43,-57
1,8,-71,-43,-55
1,8,-60,-43,-55
1,8,-60,-47,-55
1,8,-60,-47,-62
1,8,-60,-43,-62
1,8,-71,-43,-62
1,8,-71,-61,-62
1,8,-50,-61,-62
1,8,-50,-61,-55
1,8,-50,-70,-55
1,8,-71,-70,-55
1,8,-71,-69,-55
1,8,-71,-69,-55
1,8,-71,-69,-62
1,8,-71,-57,-62
1,8,-64,-57,-62
1,8,-64,-70,-62
1,8,-71,-70,-62
1,8,-71,-70,-61
1,8,-71,-46,-61
1,8,-65,-46,-61
1,8,-65,-46,-40
1,8,-65,-57,-40
1,8,-65,-57,-40
1,8,-65,-54,-40
1,8,-65,-54,-62
1,8,-60,-54,-62
1,8,-60,-43,-62
1,8,-71,-43,-62
1,8,-50,-43,-62
1,8,-50,-43,-55
1,8,-50,-57,-55
1,8,-72,-57,-55
1,8,-72,-57,-54
1,8,-72,-69,-54
1,8,-50,-69,-54
1,8,-50,-69,-40
1,8,-50,-43,-40
1,8,-50,-43,-54
1,8,-50,-70,-54
1,8,-72,-70,-54
1,8,-72,-70,-40
1,8,-72,-60,-40
1,8,-56,-60,-40
1,8,-56,-70,-40
1,8,-71,-70,-40
1,8,-71,-70,-54
1,8,-71,-57,-54
1,8,-46,-57,-54
1,8,-46,-57,-40
1,8,-46,-57,-40
1,8,-49,-57,-40
1,8,-49,-57,-47
1,8,-49,-61,-47
1,8,-46,-61,-47
1,8,-46,-61,-39
1,8,-46,-69,-39
1,8,-64,-69,-39
1,8,-64,-69,-54
1,8,-64,-69,-61
1,8,-64,-58,-61
1,8,-45,-58,-61
1,8,-45,-58,-55
1,8,-45,-61,-55
1,8,-64,-61,-55
1,8,-64,-61,-55
1,8,-64,-61,-40
1,8,-64,-54,-40
1,8,-65,-54,-40
1,8,-65,-58,-40
1,8,-65,-58,-61
1,8,-65,-61,-61
1,8,-50,-61,-61
1,8,-50,-61,-56
1,8,-50,-57,-56
1,8,-50,-57,-62
1,8,-58,-57,-62
1,8,-58,-43,-62
1,8,-50,-43,-62
1,8,-61,-43,-62
1,8,-61,-43,-54
1,8,-61,-57,-54
1,8,-51,-57,-54
1,8,-51,-57,-55
1,8,-51,-57,-40
1,8,-50,-57,-40
1,8,-50,-57,-56
1,8,-50,-61,-56
1,8,-46,-61,-56
1,8,-46,-43,-56
1,8,-46,-43,-56
1,8,-46,-61,-56
1,8,-46,-70,-56
1,8,-65,-70,-56
1,8,-65,-70,-40
1,8,-65,-57,-40
1,8,-72,-57,-40
1,8,-72,-57,-62
1,8,-72,-61,-62
1,8,-65,-61,-62
1,8,-65,-61,-41
1,8,-65,-43,-41
1,8,-72,-43,-41
1,8,-72,-43,-40
1,8,-72,-54,-40
1,8,-65,-54,-40
1,8,-65,-54,-55
1,8,-65,-57,-55
1,8,-58,-57,-55
1,8,-58,-70,-55
1,8,-64,-70,-55
1,8,-64,-70,-56
1,8,-64,-57,-56
1,8,-58,-57,-56
1,8,-58,-57,-54
1,8,-58,-61,-54
1,8,-58,-61,-40
1,8,-58,-43,-40
1,8,-58,-43,-40
1,8,-58,-43,-47
1,8,-58,-54,-47
1,8,-65,-54,-47
1,8,-65,-54,-40
1,8,-65,-43,-40
1,8,-65,-43,-62
1,8,-65,-46,-62
1,8,-65,-46,-56
1,8,-65,-58,-56
1,8,-60,-58,-56
1,8,-60,-58,-61
1,8,-60,-60,-61
1,8,-60,-60,-41
1,8,-60,-57,-41
1,8,-60,-46,-41
1,8,-60,-55,-41
1,8,-64,-55,-41
1,8,-64,-57,-41
1,8,-64,-70,-41
1,8,-64,-70,-40
1,8,-64,-46,-40
1,8,-64,-46,-62
1,8,-64,-46,-54
1,8,-64,-58,-54
1,8,-65,-58,-54
1,8,-65,-58,-54
1,8,-60,-58,-54
1,8,-60,-58,-63
1,8,-73,-58,-63
1,8,-73,-46,-63
1,8,-45,-46,-63
1,8,-45,-57,-63
1,8,-45,-57,-55
1,8,-45,-60,-55
1,8,-45,-60,-47
1,8,-59,-60,-47
1,8,-59,-43,-47
1,8,-59,-43,-41
1,8,-55,-43,-41
1,8,-55,-53,-41
1,8,-55,-53,-40
1,8,-55,-43,-40
1,8,-55,-43,-40
1,8,-50,-43,-40
1,8,-50,-46,-40
1,8,-50,-46,-55
1,8,-61,-46,-55
1,8,-61,-46,-55
1,8,-61,-46,-62
1,8,-61,-69,-62
1,8,-73,-69,-62
1,8,-73,-69,-55
1,8,-50,-69,-55
1,8,-50,-69,-55
1,8,-58,-69,-55
1,8,-58,-69,-40
1,8,-58,-57,-40
1,8,-50,-57,-40
1,8,-50,-46,-40
1,8,-73,-46,-40
1,8,-46,-46,-40
1,8,-46,-46,-41
1,8,-46,-60,-41
1,8,-59,-60,-41
1,8,-59,-60,-54
1,8,-59,-43,-54
1,8,-50,-43,-54
1,8,-50,-43,-61
1,8,-50,-46,-61
1,8,-73,-46,-61
1,8,-45,-46,-61
1,8,-45,-46,-41
1,8,-45,-43,-41
1,8,-60,-43,-41
1,8,-60,-43,-40
1,8,-60,-54,-40
1,8,-65,-54,-40
1,8,-65,-54,-47
1,8,-65,-60,-47
1,8,-65,-60,-56
1,8,-65,-70,-56
1,8,-65,-70,-54
1,8,-65,-43,-54
1,8,-73,-43,-54
1,8,-73,-43,-47
1,8,-73,-46,-47
1,8,-61,-46,-47
1,8,-61,-46,-54
1,8,-61,-43,-54
1,8,-73,-43,-54
1,8,-73,-43,-40
1,8,-73,-46,-40
1,8,-60,-46,-40
1,8,-60,-46,-47
1,8,-60,-43,-47
1,8,-72,-43,-47
1,8,-72,-43,-40
1,8,-72,-46,-40
1,8,-50,-46,-40
1,8,-50,-46,-62
1,8,-50,-53,-62
1,8,-73,-53,-62
1,8,-73,-53,-54
1,8,-73,-43,-54
1,8,-65,-43,-54
1,8,-65,-43,-56
1,8,-65,-53,-56
1,8,-73,-53,-56
1,8,-73,-53,-61
1,8,-73,-57,-61
1,8,-73,-57,-40
1,8,-73,-60,-40
1,8,-73,-60,-40
1,8,-73,-60,-47
1,8,-73,-57,-47
1,8,-73,-57,-54
1,8,-73,-60,-54
1,8,-59,-60,-54
1,8,-59,-60,-40
1,8,-59,-53,-40
1,8,-50,-53,-40
1,8,-50,-53,-62
1,8,-50,-60,-62
1,8,-73,-60,-62
1,8,-73,-60,-55
1,8,-73,-43,-55
1,8,-45,-43,-55
1,8,-45,-70,-55
1,8,-58,-70,-55
1,8,-58,-70,-41
1,8,-50,-70,-41
1,8,-50,-70,-40
1,8,-50,-70,-40
1,8,-60,-70,-40
1,8,-60,-70,-41
1,8,-60,-43,-41
1,8,-50,-43,-41
1,8,-50,-43,-40
1,8,-50,-69,-40
1,8,-45,-69,-40
1,8,-45,-58,-40
1,8,-59,-58,-40
1,8,-59,-58,-54
1,8,-59,-53,-54
1,8,-60,-53,-54
1,8,-60,-53,-55
1,8,-60,-46,-55
1,8,-66,-46,-55
1,8,-60,-46,-55
1,8,-60,-46,-55
1,8,-60,-46,-47
1,8,-60,-57,-47
1,8,-60,-57,-56
1,8,-60,-46,-56
1,8,-60,-46,-57
1,8,-60,-54,-57
1,8,-60,-54,-57
1,8,-60,-54,-47
1,8,-60,-54,-47
1,8,-58,-54,-47
1,8,-58,-54,-40
1,8,-58,-59,-40
1,8,-61,-59,-40
1,8,-61,-59,-62
1,8,-73,-59,-62
1,8,-73,-57,-62
1,8,-73,-57,-40
1,8,-65,-57,-40
1,8,-65,-46,-40
1,8,-65,-46,-40
1,8,-59,-46,-40
1,8,-59,-43,-40
1,8,-59,-43,-62
1,8,-65,-43,-62
1,8,-65,-46,-62
1,8,-65,-46,-54
1,8,-59,-46,-54
1,8,-59,-46,-61
1,8,-64,-46,-61
1,8,-64,-46,-40
1,8,-61,-46,-40
1,8,-61,-46,-40
1,8,-65,-46,-40
1,8,-65,-69,-40
1,8,-65,-69,-40
1,8,-59,-69,-40
1,8,-59,-53,-40
1,8,-72,-53,-40
1,8,-72,-43,-40
1,8,-72,-55,-40
1,8,-72,-55,-61
1,8,-64,-55,-61
1,8,-62,-55,-61
1,8,-62,-43,-61
1,8,-62,-43,-54
1,8,-58,-43,-54
1,8,-58,-60,-54
1,8,-58,-60,-55
1,8,-61,-60,-55
1,8,-72,-60,-55
1,8,-72,-60,-54
1,8,-72,-60,-63
1,8,-72,-46,-63
1,8,-64,-46,-63
1,8,-64,-46,-56
1,8,-64,-54,-56
1,8,-59,-54,-56
1,8,-59,-54,-40
1,8,-59,-60,-40
1,8,-59,-60,-55
1,8,-59,-60,-54
1,8,-59,-46,-54
1,8,-66,-46,-54
1,8,-66,-57,-54
1,8,-45,-57,-54
1,8,-45,-57,-54
1,8,-45,-53,-54
1,8,-72,-53,-54
1,8,-72,-53,-47
1,8,-61,-53,-47
1,8,-61,-60,-47
1,8,-58,-60,-47
1,8,-58,-60,-61
1,8,-66,-60,-61
1,8,-66,-60,-40
1,8,-66,-46,-40
1,8,-66,-46,-62
1,8,-64,-46,-62
1,8,-64,-46,-56
1,8,-64,-60,-56
1,8,-64,-54,-56
1,8,-64,-54,-56
1,8,-64,-46,-56
1,8,-50,-46,-56
1,8,-50,-46,-55
1,8,-50,-52,-55
1,8,-50,-52,-55
1,8,-50,-55,-55
1,8,-61,-55,-55
1,8,-61,-55,-61
1,8,-66,-55,-61
1,8,-66,-55,-55
1,8,-66,-69,-55
1,8,-72,-69,-55
1,8,-72,-69,-62
1,8,-72,-60,-62
1,8,-61,-60,-62
1,8,-61,-55,-62
1,8,-72,-55,-62
1,8,-72,-60,-62
1,8,-72,-60,-56
1,8,-72,-43,-56
1,8,-72,-43,-54
1,8,-72,-43,-47
1,8,-46,-43,-47
1,8,-46,-43,-40
1,8,-64,-43,-40
1,8,-64,-54,-40
1,8,-64,-54,-54
1,8,-64,-57,-54
1,8,-64,-57,-54
1,8,-64,-57,-40
1,8,-64,-57,-62
1,8,-64,-54,-62
1,8,-64,-54,-41
1,8,-66,-54,-41
1,8,-66,-70,-41
1,8,-66,-70,-55
1,8,-72,-70,-55
1,8,-72,-57,-55
1,8,-72,-68,-55
1,8,-72,-68,-55
1,8,-72,-68,-40
1,8,-72,-68,-47
1,8,-72,-68,-40
1,8,-72,-68,-40
1,8,-72,-68,-40
1,8,-72,-68,-40
1,8,-72,-68,-40
1,8,-45,-68,-40
1,8,-45,-68,-40
1,8,-64,-68,-40
1,8,-64,-69,-40
1,8,-73,-69,-40
1,8,-73,-69,-54
1,8,-73,-59,-54
1,8,-64,-59,-54
1,8,-64,-59,-47
1,8,-64,-54,-47
1,8,-73,-54,-47
1,8,-73,-54,-40
1,8,-60,-54,-40
1,8,-60,-54,-47
1,8,-60,-70,-47
1,8,-73,-70,-47
1,8,-73,-70,-56
1,8,-73,-58,-56
1,8,-45,-58,-56
1,8,-45,-58,-47
1,8,-45,-46,-47
1,8,-72,-46,-47
1,8,-72,-55,-47
1,8,-72,-55,-41
1,8,-66,-55,-41
1,8,-66,-43,-41
1,8,-66,-43,-47
1,8,-73,-43,-47
1,8,-73,-46,-47
1,8,-73,-46,-41
1,8,-73,-43,-41
1,8,-73,-54,-41
1,8,-73,-54,-62
1,8,-58,-54,-62
1,8,-58,-60,-62
1,8,-65,-60,-62
1,8,-65,-54,-62
1,8,-65,-54,-40
1,8,-72,-54,-40
1,8,-72,-46,-40
1,8,-72,-46,-40
1,8,-65,-46,-40
1,8,-65,-43,-40
1,8,-60,-43,-40
1,8,-60,-43,-40
1,8,-60,-43,-40
1,8,-61,-43,-40
1,8,-65,-43,-40
1,8,-65,-58,-40
1,8,-60,-58,-40
1,8,-60,-58,-61
1,8,-59,-58,-61
1,8,-59,-43,-61
1,8,-50,-43,-61
1,8,-50,-60,-61
1,8,-50,-60,-39
1,8,-50,-60,-39
1,8,-50,-60,-40
1,8,-50,-60,-54
1,8,-50,-60,-54
1,8,-50,-60,-55
1,8,-50,-69,-55
1,8,-50,-69,-54
1,8,-50,-69,-54
1,8,-50,-69,-55
1,8,-65,-69,-55
1,8,-65,-57,-55
1,8,-65,-57,-61
1,8,-58,-57,-61
1,8,-58,-60,-61
1,8,-58,-60,-54
1,8,-58,-61,-54
1,8,-58,-61,-41
1,8,-66,-61,-41
1,8,-66,-69,-41
1,8,-66,-69,-39
1,8,-60,-69,-39
1,8,-50,-69,-39
1,8,-46,-69,-39
1,8,-46,-43,-39
1,8,-46,-43,-55
1,8,-72,-43,-55
1,8,-72,-45,-55
1,8,-72,-45,-61
1,8,-72,-69,-61
1,8,-72,-59,-61
1,8,-72,-59,-55
1,8,-72,-61,-55
1,8,-72,-61,-41
1,8,-72,-61,-41
1,8,-72,-61,-54
1,8,-50,-61,-54
1,8,-50,-61,-40
1,8,-58,-61,-40
1,8,-58,-61,-46
1,8,-60,-61,-46
1,8,-60,-61,-56
1,8,-60,-61,-40
1,8,-66,-61,-40
1,8,-66,-69,-40
1,8,-66,-69,-47
1,8,-50,-69,-47
1,8,-50,-57,-47
1,8,-50,-57,-40
1,8,-72,-57,-40
1,8,-72,-54,-40
1,8,-60,-54,-40
1,8,-60,-43,-40
1,8,-60,-43,-56
1,8,-73,-43,-56
1,8,-73,-70,-56
1,8,-73,-69,-56
1,8,-61,-69,-56
1,8,-74,-69,-56
1,8,-74,-69,-56
1,8,-74,-69,-41
1,8,-45,-69,-41
1,8,-45,-69,-40
1,8,-65,-69,-40
1,8,-65,-46,-40
1,8,-65,-46,-40
1,8,-72,-46,-40
1,8,-72,-70,-40
1,8,-50,-70,-40
1,8,-50,-70,-62
1,8,-50,-60,-62
1,8,-72,-60,-62
1,8,-72,-60,-56
1,8,-72,-70,-56
1,8,-50,-70,-56
1,8,-50,-70,-54
1,8,-50,-46,-54
1,8,-61,-46,-54
1,8,-61,-46,-61
1,8,-63,-46,-61
1,8,-63,-57,-61
1,8,-72,-57,-61
1,8,-72,-60,-61
1,8,-72,-60,-40
1,8,-65,-60,-40
1,8,-65,-43,-40
1,8,-72,-43,-40
1,8,-72,-43,-40
1,8,-72,-54,-40
1,8,-65,-54,-40
1,8,-65,-54,-40
1,8,-65,-60,-40
1,8,-46,-60,-40
1,8,-46,-60,-40
1,8,-46,-43,-40
1,8,-65,-43,-40
2,3,-71,-46,-25
2,3,-67,-46,-25
2,3,-67,-51,-25
2,3,-57,-51,-25
2,3,-57,-51,-35
2,3,-71,-51,-35
2,3,-71,-63,-35
2,3,-70,-63,-35
2,3,-69,-63,-35
2,3,-69,-51,-35
2,3,-71,-51,-35
2,3,-71,-51,-38
2,3,-71,-62,-38
2,3,-71,-62,-35
2,3,-71,-46,-35
2,3,-71,-46,-35
2,3,-71,-49,-35
2,3,-71,-49,-25
2,3,-52,-49,-25
2,3,-52,-66,-25
2,3,-52,-66,-25
2,3,-71,-66,-25
2,3,-71,-49,-25
2,3,-71,-49,-36
2,3,-72,-49,-36
2,3,-72,-48,-36
2,3,-72,-48,-35
2,3,-61,-48,-35
2,3,-61,-60,-35
2,3,-61,-62,-35
2,3,-61,-62,-38
2,3,-61,-45,-38
2,3,-61,-45,-35
2,3,-51,-45,-35
2,3,-51,-62,-35
2,3,-51,-62,-28
2,3,-51,-49,-28
2,3,-51,-49,-37
2,3,-51,-49,-36
2,3,-51,-60,-36
2,3,-72,-60,-36
2,3,-72,-60,-37
2,3,-51,-60,-37
2,3,-51,-44,-37
2,3,-51,-44,-35
2,3,-57,-44,-35
2,3,-57,-61,-35
2,3,-57,-61,-38
2,3,-57,-61,-38
2,3,-57,-61,-36
2,3,-71,-61,-36
2,3,-71,-49,-36
2,3,-71,-49,-25
2,3,-56,-49,-25
2,3,-56,-49,-25
2,3,-56,-49,-35
2,3,-57,-49,-35
2,3,-51,-49,-35
2,3,-51,-49,-35
2,3,-51,-69,-35
2,3,-51,-69,-35
2,3,-51,-69,-25
2,3,-71,-69,-25
2,3,-71,-50,-25
2,3,-71,-50,-26
2,3,-71,-48,-26
2,3,-71,-48,-28
2,3,-57,-48,-28
2,3,-57,-49,-28
2,3,-57,-49,-35
2,3,-51,-49,-35
2,3,-51,-47,-35
2,3,-51,-47,-33
2,3,-58,-47,-33
2,3,-58,-50,-33
2,3,-58,-50,-38
2,3,-69,-50,-38
2,3,-69,-64,-38
2,3,-69,-64,-35
2,3,-69,-61,-35
2,3,-69,-61,-25
2,3,-55,-61,-25
2,3,-55,-61,-38
2,3,-55,-61,-38
2,3,-55,-61,-25
2,3,-55,-64,-25
2,3,-55,-49,-25
2,3,-72,-49,-25
2,3,-72,-49,-34
2,3,-72,-49,-34
2,3,-72,-49,-35
2,3,-57,-49,-35
2,3,-51,-49,-35
2,3,-51,-65,-35
2,3,-51,-65,-25
2,3,-72,-65,-25
2,3,-69,-65,-25
2,3,-69,-65,-75
2,3,-71,-65,-75
2,3,-71,-47,-75
2,3,-70,-47,-75
2,3,-70,-65,-75
2,3,-70,-65,-35
2,3,-58,-65,-35
2,3,-58,-61,-35
2,3,-58,-61,-25
2,3,-55,-61,-25
2,3,-55,-64,-25
2,3,-55,-64,-36
2,3,-51,-64,-36
2,3,-51,-64,-25
2,3,-51,-61,-25
2,3,-51,-61,-36
2,3,-51,-61,-36
2,3,-51,-61,-35
2,3,-51,-61,-35
2,3,-57,-61,-35
2,3,-57,-61,-33
2,3,-57,-61,-33
2,3,-69,-61,-33
2,3,-69,-61,-31
2,3,-65,-61,-31
2,3,-65,-61,-33
2,3,-65,-64,-33
2,3,-65,-64,-36
2,3,-65,-64,-36
2,3,-72,-64,-36
2,3,-66,-64,-36
2,3,-66,-64,-36
2,3,-66,-64,-36
2,3,-71,-64,-36
2,3,-71,-49,-36
2,3,-65,-49,-36
2,3,-65,-47,-36
2,3,-54,-47,-36
2,3,-54,-64,-36
2,3,-65,-64,-36
2,3,-65,-64,-36
2,3,-65,-61,-36
2,3,-55,-61,-36
2,3,-55,-61,-35
2,3,-55,-63,-35
2,3,-66,-63,-35
2,3,-66,-46,-35
2,3,-66,-46,-35
2,3,-66,-46,-33
2,3,-56,-46,-33
2,3,-56,-50,-33
2,3,-56,-50,-35
2,3,-71,-50,-35
2,3,-71,-64,-35
2,3,-71,-64,-36
2,3,-51,-64,-36
2,3,-51,-46,-36
2,3,-51,-46,-35
2,3,-71,-46,-35
2,3,-71,-61,-35
2,3,-72,-61,-35
2,3,-65,-61,-35
2,3,-65,-49,-35
2,3,-65,-49,-35
2,3,-65,-47,-35
2,3,-58,-47,-35
2,3,-58,-65,-35
2,3,-55,-65,-35
2,3,-55,-62,-35
2,3,-55,-62,-36
2,3,-55,-63,-36
2,3,-55,-63,-25
2,3,-55,-46,-25
2,3,-66,-46,-25
2,3,-66,-46,-38
2,3,-66,-63,-38
2,3,-57,-63,-38
2,3,-55,-63,-38
2,3,-55,-63,-35
2,3,-55,-64,-35
2,3,-58,-64,-35
2,3,-58,-50,-35
2,3,-66,-50,-35
2,3,-66,-63,-35
2,3,-57,-63,-35
2,3,-57,-62,-35
2,3,-51,-62,-35
2,3,-51,-62,-25
2,3,-51,-63,-25
2,3,-71,-63,-25
2,3,-71,-63,-25
2,3,-71,-61,-25
2,3,-53,-61,-25
2,3,-53,-61,-36
2,3,-57,-61,-36
2,3,-57,-61,-36
2,3,-51,-61,-36
2,3,-51,-61,-25
2,3,-51,-63,-25
2,3,-67,-63,-25
2,3,-67,-63,-36
2,3,-67,-49,-36
2,3,-71,-49,-36
2,3,-71,-49,-34
2,3,-71,-61,-34
2,3,-57,-61,-34
2,3,-57,-61,-25
2,3,-57,-63,-25
2,3,-55,-63,-25
2,3,-55,-46,-25
2,3,-58,-46,-25
2,3,-58,-49,-25
2,3,-71,-49,-25
2,3,-51,-49,-25
2,3,-51,-49,-28
2,3,-51,-61,-28
2,3,-71,-61,-28
2,3,-71,-61,-36
2,3,-71,-61,-35
2,3,-71,-64,-35
2,3,-71,-64,-8
2,3,-71,-63,-8
2,3,-71,-63,-35
2,3,-73,-63,-35
2,3,-73,-63,-36
2,3,-73,-63,-36
2,3,-73,-51,-36
2,3,-55,-51,-36
2,3,-55,-50,-36
2,3,-67,-50,-36
2,3,-67,-50,-25
2,3,-67,-60,-25
2,3,-67,-60,-35
2,3,-67,-53,-35
2,3,-72,-53,-35
2,3,-72,-53,-35
2,3,-72,-53,-25
2,3,-71,-53,-25
2,3,-71,-53,-35
2,3,-51,-53,-35
2,3,-51,-53,-9
2,3,-51,-67,-9
2,3,-55,-67,-9
2,3,-55,-67,-31
2,3,-55,-53,-31
2,3,-71,-53,-31
2,3,-71,-53,-9
2,3,-55,-53,-9
2,3,-55,-53,-35
2,3,-55,-64,-35
2,3,-66,-64,-35
2,3,-66,-51,-35
2,3,-70,-51,-35
2,3,-70,-51,-36
2,3,-70,-50,-36
2,3,-71,-50,-36
2,3,-71,-50,-25
2,3,-51,-50,-25
2,3,-51,-50,-33
2,3,-54,-50,-33
2,3,-54,-50,-36
2,3,-66,-50,-36
2,3,-66,-66,-36
2,3,-71,-66,-36
2,3,-71,-62,-36
2,3,-51,-62,-36
2,3,-51,-61,-36
2,3,-51,-61,-35
2,3,-72,-61,-35
2,3,-72,-63,-35
2,3,-72,-63,-36
2,3,-72,-63,-36
2,3,-72,-63,-35
2,3,-72,-63,-35
2,3,-72,-63,-36
2,3,-72,-61,-36
2,3,-73,-61,-36
2,3,-73,-61,-25
2,3,-73,-61,-25
2,3,-71,-61,-25
2,3,-71,-62,-25
2,3,-71,-62,-26
2,3,-66,-62,-26
2,3,-66,-51,-26
2,3,-66,-51,-33
2,3,-66,-48,-33
2,3,-66,-48,-35
2,3,-66,-51,-35
2,3,-66,-51,-33
2,3,-71,-51,-33
2,3,-71,-51,-36
2,3,-71,-61,-36
2,3,-57,-61,-36
2,3,-57,-61,-8
2,3,-57,-50,-8
2,3,-57,-50,-36
2,3,-57,-47,-36
2,3,-72,-47,-36
2,3,-72,-47,-36
2,3,-72,-63,-36
2,3,-71,-63,-36
2,3,-71,-63,-37
2,3,-71,-62,-37
2,3,-71,-62,-37
2,3,-71,-62,-36
2,3,-71,-63,-36
2,3,-71,-68,-36
2,3,-51,-68,-36
2,3,-51,-64,-36
2,3,-72,-64,-36
2,3,-72,-62,-36
2,3,-52,-62,-36
2,3,-52,-64,-36
2,3,-52,-47,-36
2,3,-67,-47,-36
2,3,-67,-47,-34
2,3,-67,-64,-34
2,3,-67,-64,-36
2,3,-67,-62,-36
2,3,-67,-62,-9
2,3,-67,-61,-9
2,3,-52,-61,-9
2,3,-52,-61,-25
2,3,-52,-50,-25
2,3,-56,-50,-25
2,3,-56,-50,-25
2,3,-56,-50,-34
2,3,-56,-50,-34
2,3,-56,-62,-34
2,3,-57,-62,-34
2,3,-57,-62,-34
2,3,-57,-46,-34
2,3,-57,-46,-34
2,3,-57,-48,-34
2,3,-52,-48,-34
2,3,-52,-48,-25
2,3,-52,-50,-25
2,3,-71,-50,-25
2,3,-71,-47,-25
2,3,-71,-47,-25
2,3,-71,-47,-39
2,3,-58,-47,-39
2,3,-73,-47,-39
2,3,-73,-47,-38
2,3,-73,-49,-38
2,3,-71,-49,-38
2,3,-71,-49,-37
2,3,-71,-49,-35
2,3,-71,-65,-35
2,3,-71,-65,-25
2,3,-71,-45,-25
2,3,-71,-47,-25
2,3,-71,-47,-34
2,3,-71,-62,-34
2,3,-71,-62,-25
2,3,-71,-51,-25
2,3,-56,-51,-25
2,3,-56,-51,-36
2,3,-65,-51,-36
2,3,-65,-66,-36
2,3,-56,-66,-36
2,3,-56,-66,-35
2,3,-56,-63,-35
2,3,-51,-63,-35
2,3,-51,-63,-38
2,3,-51,-63,-25
2,3,-51,-64,-25
2,3,-66,-64,-25
2,3,-66,-64,-35
2,3,-66,-61,-35
2,3,-71,-61,-35
2,3,-71,-50,-35
2,3,-58,-50,-35
2,3,-58,-50,-35
2,3,-58,-50,-35
2,3,-58,-50,-34
2,3,-58,-65,-34
2,3,-72,-65,-34
2,3,-72,-61,-34
2,3,-52,-61,-34
2,3,-52,-61,-25
2,3,-52,-62,-25
2,3,-54,-62,-25
2,3,-54,-62,-25
2,3,-54,-64,-25
2,3,-51,-64,-25
2,3,-51,-62,-25
2,3,-56,-62,-25
2,3,-56,-62,-36
2,3,-56,-46,-36
2,3,-67,-46,-36
2,3,-67,-46,-25
2,3,-67,-62,-25
2,3,-72,-62,-25
2,3,-72,-63,-25
2,3,-50,-63,-25
2,3,-50,-63,-28
2,3,-50,-63,-28
2,3,-50,-63,-35
2,3,-58,-63,-35
2,3,-58,-63,-38
2,3,-58,-62,-38
2,3,-56,-62,-38
2,3,-56,-62,-36
2,3,-56,-48,-36
2,3,-72,-48,-36
2,3,-72,-48,-25
2,3,-72,-63,-25
2,3,-56,-63,-25
2,3,-56,-63,-36
2,3,-56,-48,-36
2,3,-56,-50,-36
2,3,-65,-50,-36
2,3,-65,-61,-36
2,3,-67,-61,-36
2,3,-57,-61,-36
2,3,-57,-61,-36
2,3,-67,-61,-36
2,3,-71,-61,-36
2,3,-71,-48,-36
2,3,-71,-48,-36
2,3,-51,-48,-36
2,3,-51,-48,-36
2,3,-51,-48,-38
2,3,-72,-48,-38
2,3,-72,-61,-38
2,3,-72,-61,-39
2,3,-57,-61,-39
2,3,-57,-61,-33
2,3,-71,-61,-33
2,3,-71,-65,-33
2,3,-70,-65,-33
2,3,-70,-63,-33
2,3,-70,-63,-36
2,3,-70,-63,-36
2,3,-70,-48,-36
2,3,-70,-48,-25
2,3,-67,-48,-25
2,3,-67,-62,-25
2,3,-67,-62,-25
2,3,-67,-62,-25
2,3,-57,-62,-25
2,3,-57,-49,-25
2,3,-57,-49,-36
2,3,-71,-49,-36
2,3,-71,-62,-36
2,3,-71,-62,-25
2,3,-71,-62,-36
2,3,-55,-62,-36
2,3,-55,-64,-36
2,3,-55,-64,-38
2,3,-72,-64,-38
2,3,-72,-48,-38
2,3,-72,-48,-34
2,3,-66,-48,-34
2,3,-66,-46,-34
2,3,-70,-46,-34
2,3,-70,-63,-34
2,3,-70,-63,-25
2,3,-67,-63,-25
2,3,-67,-63,-33
2,3,-67,-63,-37
2,3,-57,-63,-37
2,3,-57,-49,-37
2,3,-57,-49,-36
2,3,-68,-49,-36
2,3,-68,-60,-36
2,3,-71,-60,-36
2,3,-71,-63,-36
2,3,-71,-63,-34
2,3,-57,-63,-34
2,3,-57,-44,-34
2,3,-57,-44,-35
2,3,-57,-66,-35
2,3,-57,-66,-25
2,3,-72,-66,-25
2,3,-72,-62,-25
2,3,-72,-62,-25
2,3,-67,-62,-25
2,3,-72,-62,-25
2,3,-72,-48,-25
2,3,-52,-48,-25
2,3,-52,-48,-25
2,3,-52,-48,-25
2,3,-56,-48,-25
2,3,-56,-48,-25
2,3,-56,-48,-36
2,3,-52,-48,-36
2,3,-52,-50,-36
2,3,-52,-50,-35
2,3,-71,-50,-35
2,3,-71,-48,-35
2,3,-52,-48,-35
2,3,-52,-47,-35
2,3,-57,-47,-35
2,3,-67,-47,-35
2,3,-67,-47,-38
2,3,-67,-47,-38
2,3,-58,-47,-38
2,3,-52,-47,-38
2,3,-52,-47,-27
2,3,-56,-47,-27
2,3,-56,-48,-27
2,3,-52,-48,-27
2,3,-52,-62,-27
2,3,-72,-62,-27
2,3,-72,-48,-27
2,3,-67,-48,-27
2,3,-67,-61,-27
2,3,-67,-61,-10
2,3,-72,-61,-10
2,3,-72,-62,-10
2,3,-71,-62,-10
2,3,-71,-46,-10
2,3,-71,-46,-37
2,3,-58,-46,-37
2,3,-58,-65,-37
2,3,-71,-65,-37
2,3,-71,-67,-37
2,3,-71,-63,-37
2,3,-71,-63,-25
2,3,-66,-63,-25
2,3,-66,-63,-25
2,3,-57,-63,-25
2,3,-57,-62,-25
2,3,-57,-62,-34
2,3,-72,-62,-34
2,3,-72,-64,-34
2,3,-72,-64,-38
2,3,-72,-62,-38
2,3,-52,-62,-38
2,3,-52,-64,-38
2,3,-52,-47,-38
2,3,-67,-47,-38
2,3,-67,-65,-38
2,3,-67,-65,-35
2,3,-57,-65,-35
2,3,-57,-47,-35
2,3,-57,-47,-33
2,3,-52,-47,-33
2,3,-52,-47,-37
2,3,-70,-47,-37
2,3,-68,-47,-37
2,3,-68,-65,-37
2,3,-68,-65,-35
2,3,-57,-65,-35
2,3,-57,-65,-35
2,3,-52,-65,-35
2,3,-52,-50,-35
2,3,-52,-50,-35
2,3,-73,-50,-35
2,3,-73,-50,-35
2,3,-73,-50,-35
2,3,-66,-50,-35
2,3,-66,-50,-36
2,3,-66,-49,-36
2,3,-66,-49,-35
2,3,-72,-49,-35
2,3,-72,-49,-35
2,3,-70,-49,-35
2,3,-70,-49,-38
2,3,-70,-48,-38
2,3,-71,-48,-38
2,3,-67,-48,-38
2,3,-67,-49,-38
2,3,-67,-47,-38
2,3,-67,-47,-33
2,3,-59,-47,-33
2,3,-59,-47,-35
2,3,-59,-48,-35
2,3,-66,-48,-35
2,3,-66,-50,-35
2,3,-58,-50,-35
2,3,-58,-50,-35
2,3,-58,-50,-35
2,3,-58,-50,-35
2,3,-58,-50,-25
2,3,-65,-50,-25
2,3,-65,-50,-25
2,3,-65,-64,-25
2,3,-56,-64,-25
2,3,-57,-64,-25
2,3,-57,-63,-25
2,3,-67,-63,-25
2,3,-67,-62,-25
2,3,-73,-62,-25
2,3,-73,-62,-35
2,3,-73,-48,-35
2,3,-67,-48,-35
2,3,-67,-62,-35
2,3,-72,-62,-35
2,3,-72,-62,-35
2,3,-72,-49,-35
2,3,-67,-49,-35
2,3,-67,-50,-35
2,3,-72,-50,-35
2,3,-72,-48,-35
2,3,-72,-48,-34
2,3,-67,-48,-34
2,3,-73,-48,-34
2,3,-73,-62,-34
2,3,-73,-62,-35
2,3,-73,-63,-35
2,3,-73,-63,-35
2,3,-56,-63,-35
2,3,-56,-64,-35
2,3,-56,-64,-25
2,3,-70,-64,-25
2,3,-70,-63,-25
2,3,-71,-63,-25
2,3,-71,-65,-25
2,3,-71,-65,-38
2,3,-57,-65,-38
2,3,-57,-65,-35
2,3,-57,-62,-35
2,3,-52,-62,-35
2,3,-52,-62,-33
2,3,-52,-61,-33
2,3,-71,-61,-33
2,3,-71,-61,-25
2,3,-71,-65,-25
2,3,-71,-61,-25
2,3,-71,-61,-25
2,3,-71,-61,-34
2,3,-51,-61,-34
2,3,-51,-61,-35
2,3,-56,-61,-35
2,3,-56,-50,-35
2,3,-66,-50,-35
2,3,-71,-50,-35
2,3,-71,-50,-35
2,3,-71,-64,-35
2,3,-71,-64,-36
2,3,-71,-49,-36
2,3,-57,-49,-36
2,3,-57,-49,-35
2,3,-72,-49,-35
2,3,-72,-63,-35
2,3,-52,-63,-35
2,3,-57,-63,-35
2,3,-57,-63,-35
2,3,-52,-63,-35
2,3,-52,-63,-25
2,3,-52,-62,-25
2,3,-71,-62,-25
2,3,-71,-63,-25
2,3,-57,-63,-25
2,3,-57,-63,-35
2,3,-57,-51,-35
2,3,-57,-62,-35
2,3,-71,-62,-35
2,3,-71,-65,-35
2,3,-71,-65,-33
2,3,-71,-48,-33
2,3,-71,-48,-33
2,3,-71,-48,-35
2,3,-71,-63,-35
2,3,-71,-49,-35
2,3,-71,-49,-10
2,3,-71,-51,-10
2,3,-51,-51,-10
2,3,-51,-51,-76
2,3,-57,-51,-76
2,3,-57,-51,-36
2,3,-65,-51,-36
2,3,-65,-48,-36
2,3,-71,-48,-36
2,3,-71,-48,-25
2,3,-72,-48,-25
2,3,-72,-48,-35
2,3,-72,-62,-35
2,3,-71,-62,-35
2,3,-71,-62,-34
2,3,-71,-65,-34
2,3,-66,-65,-34
2,3,-66,-65,-34
2,3,-66,-65,-36
2,3,-66,-51,-36
2,3,-66,-51,-28
2,3,-66,-51,-36
2,3,-66,-49,-36
2,3,-51,-49,-36
2,3,-72,-49,-36
2,3,-72,-49,-25
2,3,-72,-63,-25
2,3,-51,-63,-25
2,3,-51,-63,-25
2,3,-57,-63,-25
2,3,-57,-63,-35
2,3,-57,-62,-35
2,3,-56,-62,-35
2,3,-56,-62,-33
2,3,-56,-47,-33
2,3,-67,-47,-33
2,3,-67,-47,-8
2,3,-72,-47,-8
2,3,-72,-63,-8
2,3,-65,-63,-8
2,3,-65,-63,-36
2,3,-65,-49,-36
2,3,-72,-49,-36
2,3,-72,-49,-36
2,3,-72,-48,-36
2,3,-72,-49,-36
2,3,-72,-49,-36
2,3,-72,-64,-36
2,3,-65,-64,-36
2,3,-65,-64,-36
2,3,-65,-64,-8
2,3,-72,-64,-8
2,3,-72,-50,-8
2,3,-72,-50,-8
2,3,-57,-50,-8
2,3,-57,-50,-33
2,3,-57,-66,-33
2,3,-51,-66,-33
2,3,-51,-62,-33
2,3,-56,-62,-33
2,3,-56,-62,-34
2,3,-56,-47,-34
2,3,-71,-47,-34
2,3,-71,-48,-34
2,3,-71,-48,-34
2,3,-67,-48,-34
2,3,-67,-51,-34
2,3,-57,-51,-34
2,3,-57,-49,-34
2,3,-55,-49,-34
2,3,-55,-65,-34
2,3,-55,-65,-35
2,3,-70,-65,-35
2,3,-70,-49,-35
2,3,-74,-49,-35
2,3,-74,-62,-35
2,3,-74,-62,-36
2,3,-75,-62,-36
2,3,-75,-49,-36
2,3,-75,-49,-35
2,3,-71,-49,-35
2,3,-71,-66,-35
2,3,-71,-66,-34
2,3,-72,-66,-34
2,3,-56,-66,-34
2,3,-56,-51,-34
2,3,-56,-51,-36
2,3,-56,-51,-36
2,3,-56,-47,-36
2,3,-56,-47,-35
2,3,-71,-47,-35
2,3,-71,-51,-35
2,3,-72,-51,-35
2,3,-51,-51,-35
2,3,-51,-65,-35
2,3,-51,-65,-36
2,3,-51,-65,-25
2,3,-65,-65,-25
2,3,-65,-65,-36
2,3,-55,-65,-36
2,3,-55,-62,-36
2,3,-57,-62,-36
2,3,-57,-65,-36
2,3,-57,-65,-35
2,3,-57,-64,-35
2,3,-70,-64,-35
2,3,-70,-47,-35
2,3,-70,-49,-35
2,3,-70,-49,-33
2,3,-70,-63,-33
2,3,-70,-63,-34
2,3,-70,-66,-34
2,3,-70,-66,-34
2,3,-57,-66,-34
2,3,-57,-62,-34
2,3,-57,-62,-25
2,3,-57,-51,-25
2,3,-57,-65,-25
2,3,-57,-65,-35
2,3,-57,-65,-35
2,3,-57,-62,-35
2,3,-55,-62,-35
2,3,-55,-62,-35
2,3,-66,-62,-35
2,3,-66,-62,-35
2,3,-66,-62,-25
2,3,-72,-62,-25
2,3,-72,-51,-25
2,3,-72,-51,-28
2,3,-66,-51,-28
2,3,-66,-48,-28
2,3,-66,-48,-25
2,3,-72,-48,-25
2,3,-72,-67,-25
2,3,-63,-67,-25
2,3,-63,-47,-25
2,3,-63,-47,-35
2,3,-72,-47,-35
2,3,-72,-47,-33
2,3,-65,-47,-33
2,3,-65,-62,-33
2,3,-65,-62,-36
2,3,-70,-62,-36
2,3,-70,-62,-36
2,3,-70,-62,-36
2,3,-57,-62,-36
2,3,-57,-62,-36
2,3,-65,-62,-36
2,3,-65,-62,-35
2,3,-71,-62,-35
2,3,-71,-47,-35
2,3,-71,-47,-36
2,3,-71,-47,-36
2,3,-71,-67,-36
2,3,-71,-67,-25
2,3,-71,-62,-25
2,3,-71,-62,-35
2,3,-72,-62,-35
2,3,-65,-62,-35
2,3,-72,-62,-35
2,3,-72,-51,-35
2,3,-72,-51,-33
2,3,-65,-51,-33
2,3,-65,-48,-33
2,3,-65,-48,-33
2,3,-65,-62,-33
2,3,-65,-62,-33
2,3,-65,-62,-35
2,3,-56,-62,-35
2,3,-56,-47,-35
2,3,-56,-47,-28
2,3,-66,-47,-28
2,3,-66,-48,-28
2,3,-71,-48,-28
2,3,-71,-51,-28
2,3,-71,-51,-36
2,3,-71,-47,-36
2,3,-71,-47,-35
2,3,-72,-47,-35
2,3,-72,-66,-35
2,3,-72,-66,-35
2,3,-72,-62,-35
2,3,-72,-62,-26
2,3,-65,-62,-26
2,3,-65,-62,-26
2,3,-65,-62,-35
2,3,-70,-62,-35
2,3,-70,-65,-35
2,3,-64,-65,-35
2,3,-64,-62,-35
2,3,-56,-62,-35
2,3,-56,-67,-35
2,3,-56,-67,-35
2,3,-51,-67,-35
2,3,-51,-62,-35
2,3,-71,-62,-35
2,3,-71,-62,-35
2,3,-71,-47,-35
2,3,-71,-47,-34
2,3,-72,-47,-34
2,3,-72,-67,-34
2,3,-72,-67,-25
2,3,-57,-67,-25
2,3,-57,-47,-25
2,3,-57,-47,-36
2,3,-66,-47,-36
2,3,-66,-67,-36
2,3,-66,-67,-36
2,3,-57,-67,-36
2,3,-57,-48,-36
2,3,-57,-47,-36
2,3,-57,-47,-36
2,3,-57,-47,-36
2,3,-57,-62,-36
2,3,-66,-62,-36
2,3,-66,-47,-36
2,3,-70,-47,-36
2,3,-70,-47,-36
2,3,-70,-62,-36
2,3,-56,-62,-36
2,3,-56,-62,-25
2,3,-56,-62,-36
2,3,-56,-62,-36
2,3,-65,-62,-36
2,3,-65,-67,-36
2,3,-57,-67,-36
2,3,-57,-67,-38
2,3,-57,-63,-38
2,3,-51,-63,-38
2,3,-51,-51,-38
2,3,-55,-51,-38
2,3,-55,-51,-25
2,3,-66,-51,-25
2,3,-66,-66,-25
2,3,-57,-66,-25
2,3,-57,-66,-26
2,3,-57,-47,-26
2,3,-66,-47,-26
2,3,-66,-62,-26
2,3,-66,-62,-36
2,3,-66,-51,-36
2,3,-66,-51,-36
2,3,-66,-51,-36
2,3,-71,-51,-36
2,3,-71,-65,-36
2,3,-71,-65,-38
2,3,-57,-65,-38
2,3,-57,-62,-38
2,3,-57,-62,-25
2,3,-57,-62,-31
2,3,-71,-62,-31
2,3,-71,-62,-31
2,3,-71,-62,-38
2,3,-61,-62,-38
2,3,-61,-61,-38
2,3,-61,-61,-34
2,3,-72,-61,-34
2,3,-72,-61,-34
2,3,-57,-61,-34
2,3,-57,-61,-34
2,3,-57,-62,-34
2,3,-57,-62,-28
2,3,-57,-62,-28
2,3,-57,-62,-25
2,3,-56,-62,-25
2,3,-56,-62,-36
2,3,-56,-47,-36
2,3,-51,-47,-36
2,3,-51,-47,-36
2,3,-71,-47,-36
2,3,-71,-47,-26
2,3,-71,-64,-26
2,3,-52,-64,-26
2,3,-52,-64,-25
2,3,-52,-60,-25
2,3,-57,-60,-25
2,3,-57,-62,-25
2,3,-67,-62,-25
2,3,-67,-62,-38
2,3,-67,-64,-38
2,3,-71,-64,-38
2,3,-71,-64,-36
2,3,-52,-64,-36
2,3,-52,-64,-25
2,3,-70,-64,-25
2,3,-70,-64,-35
2,3,-70,-62,-35
2,3,-56,-62,-35
2,3,-56,-62,-37
2,3,-64,-62,-37
2,3,-71,-62,-37
2,3,-71,-62,-37
2,3,-71,-62,-37
2,3,-71,-49,-37
2,3,-56,-49,-37
2,3,-56,-49,-35
2,3,-56,-63,-35
2,3,-52,-63,-35
2,3,-52,-63,-36
2,3,-52,-62,-36
2,3,-56,-62,-36
2,3,-56,-62,-36
2,3,-56,-62,-25
2,3,-56,-63,-25
2,3,-72,-63,-25
2,3,-72,-62,-25
2,3,-72,-62,-35
2,3,-72,-63,-35
2,3,-72,-63,-10
2,3,-72,-47,-10
2,3,-72,-47,-34
2,3,-52,-47,-34
2,3,-52,-64,-34
2,3,-72,-64,-34
2,3,-72,-64,-36
2,3,-67,-64,-36
2,3,-67,-64,-36
2,3,-67,-62,-36
2,3,-67,-62,-36
2,3,-66,-62,-36
2,3,-66,-61,-36
2,3,-66,-61,-37
2,3,-57,-61,-37
2,3,-57,-63,-37
2,3,-57,-63,-25
2,3,-67,-63,-25
2,3,-67,-64,-25
2,3,-72,-64,-25
2,3,-72,-47,-25
2,3,-72,-47,-25
2,3,-67,-47,-25
2,3,-67,-47,-35
2,3,-71,-47,-35
2,3,-71,-68,-35
2,3,-71,-68,-36
2,3,-51,-68,-36
2,3,-51,-62,-36
2,3,-51,-62,-34
2,3,-56,-62,-34
2,3,-56,-64,-34
2,3,-56,-64,-35
2,3,-56,-64,-38
2,3,-66,-64,-38
2,3,-66,-61,-38
2,3,-70,-61,-38
2,3,-66,-61,-38
2,3,-66,-47,-38
2,3,-71,-47,-38
2,3,-71,-47,-38
2,3,-71,-47,-38
2,3,-67,-47,-38
2,3,-57,-47,-38
2,3,-57,-47,-38
2,3,-51,-47,-38
2,3,-51,-50,-38
2,3,-70,-50,-38
2,3,-70,-46,-38
2,3,-70,-46,-35
2,3,-51,-46,-35
2,3,-51,-50,-35
2,3,-51,-50,-33
2,3,-71,-50,-33
2,3,-71,-62,-33
2,3,-71,-62,-33
2,3,-71,-62,-8
2,3,-71,-50,-8
2,3,-71,-62,-8
2,3,-72,-62,-8
2,3,-72,-62,-34
2,3,-72,-66,-34
2,3,-72,-66,-36
2,3,-70,-66,-36
2,3,-70,-66,-38
2,3,-70,-46,-38
2,3,-71,-46,-38
2,3,-66,-46,-38
2,3,-66,-46,-9
2,3,-72,-46,-9
2,3,-72,-46,-34
2,3,-72,-66,-34
2,3,-67,-66,-34
2,3,-70,-66,-34
2,3,-69,-66,-34
2,3,-69,-66,-40
2,3,-69,-48,-40
2,3,-51,-48,-40
2,3,-51,-48,-25
2,3,-51,-66,-25
2,3,-72,-66,-25
2,3,-72,-66,-28
2,3,-72,-63,-28
2,3,-72,-63,-28
2,3,-72,-63,-34
2,3,-72,-46,-34
2,3,-72,-46,-26
2,3,-72,-66,-26
2,3,-72,-61,-26
2,3,-71,-61,-26
2,3,-71,-61,-36
2,3,-71,-51,-36
2,3,-71,-51,-35
2,3,-71,-61,-35
2,3,-71,-61,-35
2,3,-71,-61,-38
2,3,-71,-62,-38
2,3,-56,-62,-38
2,3,-56,-62,-33
2,3,-56,-62,-33
2,3,-56,-48,-33
2,3,-65,-48,-33
2,3,-65,-48,-36
2,3,-65,-51,-36
2,3,-71,-51,-36
2,3,-71,-51,-25
2,3,-71,-62,-25
2,3,-51,-62,-25
2,3,-51,-62,-33
2,3,-72,-62,-33
2,3,-72,-62,-38
2,3,-72,-48,-38
2,3,-71,-48,-38
2,3,-71,-61,-38
2,3,-56,-61,-38
2,3,-56,-61,-25
2,3,-56,-66,-25
2,3,-66,-66,-25
2,3,-66,-66,-35
2,3,-66,-61,-35
2,3,-56,-61,-35
2,3,-56,-61,-36
2,3,-56,-62,-36
2,3,-65,-62,-36
2,3,-65,-62,-36
2,3,-65,-51,-36
2,3,-56,-51,-36
2,3,-56,-51,-8
2,3,-56,-48,-8
2,3,-56,-48,-9
2,3,-56,-61,-9
2,3,-57,-61,-9
2,3,-57,-61,-25
2,3,-57,-51,-25
2,3,-71,-51,-25
2,3,-71,-51,-26
2,3,-71,-46,-26
2,3,-57,-46,-26
2,3,-57,-48,-26
2,3,-56,-48,-26
2,3,-56,-48,-34
2,3,-56,-60,-34
2,3,-65,-60,-34
2,3,-65,-63,-34
2,3,-65,-63,-35
2,3,-70,-63,-35
2,3,-70,-64,-35
2,3,-70,-64,-36
2,3,-70,-46,-36
2,3,-70,-46,-38
2,3,-70,-46,-38
2,3,-70,-46,-9
2,3,-70,-48,-9
2,3,-70,-62,-9
2,3,-71,-62,-9
2,3,-71,-62,-36
2,3,-71,-66,-36
2,3,-56,-66,-36
2,3,-56,-66,-10
2,3,-56,-46,-10
2,3,-57,-46,-10
2,3,-57,-46,-36
2,3,-56,-46,-36
2,3,-56,-46,-35
2,3,-56,-47,-35
2,3,-51,-47,-35
2,3,-51,-47,-36
2,3,-51,-48,-36
2,3,-56,-48,-36
2,3,-56,-48,-35
2,3,-56,-62,-35
2,3,-70,-62,-35
2,3,-70,-51,-35
2,3,-55,-51,-35
2,3,-55,-51,-35
2,3,-55,-62,-35
2,3,-56,-62,-35
2,3,-56,-62,-37
2,3,-56,-64,-37
2,3,-56,-48,-37
2,3,-72,-48,-37
2,3,-72,-48,-26
2,3,-72,-50,-26
2,3,-66,-50,-26
2,3,-66,-50,-25
2,3,-66,-62,-25
2,3,-69,-62,-25
2,3,-69,-62,-37
2,3,-69,-64,-37
2,3,-67,-64,-37
2,3,-67,-61,-37
2,3,-71,-61,-37
2,3,-71,-61,-10
2,3,-71,-61,-38
2,3,-71,-62,-38
2,3,-66,-62,-38
2,3,-66,-62,-36
2,3,-66,-62,-36
2,3,-71,-62,-36
2,3,-71,-62,-35
2,3,-71,-61,-35
2,3,-73,-61,-35
2,3,-73,-49,-35
2,3,-70,-49,-35
2,3,-70,-49,-38
2,3,-70,-52,-38
2,3,-72,-52,-38
2,3,-72,-52,-25
2,3,-72,-58,-25
2,3,-72,-58,-25
2,3,-72,-50,-25
2,3,-52,-50,-25
2,3,-52,-50,-36
2,3,-56,-50,-36
2,3,-56,-64,-36
2,3,-71,-64,-36
2,3,-71,-64,-8
2,3,-71,-47,-8
2,3,-52,-47,-8
2,3,-52,-65,-8
2,3,-52,-65,-35
2,3,-56,-65,-35
2,3,-56,-48,-35
2,3,-56,-48,-35
2,3,-56,-64,-35
2,3,-71,-64,-35
2,3,-71,-64,-34
2,3,-71,-48,-34
2,3,-67,-48,-34
2,3,-62,-48,-34
2,3,-62,-48,-25
2,3,-62,-62,-25
2,3,-71,-62,-25
2,3,-71,-50,-25
2,3,-71,-50,-10
2,3,-71,-62,-10
2,3,-71,-62,-36
2,3,-67,-62,-36
2,3,-67,-61,-36
2,3,-67,-61,-35
2,3,-71,-61,-35
2,3,-71,-48,-35
2,3,-71,-48,-36
2,3,-52,-48,-36
2,3,-57,-48,-36
2,3,-71,-48,-36
2,3,-71,-48,-36
2,3,-52,-48,-36
2,3,-52,-48,-25
2,3,-67,-48,-25
2,3,-67,-48,-36
2,3,-67,-48,-36
2,3,-73,-48,-36
2,3,-73,-48,-36
2,3,-73,-50,-36
2,3,-70,-50,-36
2,3,-70,-61,-36
2,3,-72,-61,-36
2,3,-72,-61,-34
2,3,-72,-62,-34
2,3,-66,-62,-34
2,3,-66,-46,-34
2,3,-72,-46,-34
2,3,-51,-46,-34
2,3,-51,-46,-38
2,3,-51,-62,-38
2,3,-72,-62,-38
2,3,-72,-62,-34
2,3,-72,-51,-34
2,3,-71,-51,-34
2,3,-71,-61,-34
2,3,-72,-61,-34
2,3,-72,-61,-36
2,3,-71,-61,-36
2,3,-71,-51,-36
2,3,-66,-51,-36
2,3,-66,-46,-36
2,3,-66,-65,-36
2,3,-58,-65,-36
2,3,-58,-65,-36
2,3,-58,-49,-36
2,3,-65,-49,-36
2,3,-65,-66,-36
2,3,-72,-66,-36
2,3,-72,-66,-25
2,3,-72,-49,-25
2,3,-66,-49,-25
2,3,-66,-61,-25
2,3,-71,-61,-25
2,3,-71,-61,-36
2,3,-51,-61,-36
2,3,-51,-61,-35
2,3,-51,-63,-35
2,3,-51,-63,-25
2,3,-51,-61,-25
2,3,-51,-62,-25
2,3,-51,-62,-34
2,3,-51,-62,-34
2,3,-55,-62,-34
2,3,-55,-62,-35
2,3,-55,-62,-35
2,3,-57,-62,-35
2,3,-57,-65,-35
2,3,-51,-65,-35
2,3,-51,-64,-35
2,3,-56,-64,-35
2,3,-56,-64,-36
2,3,-56,-49,-36
2,3,-51,-49,-36
2,3,-51,-49,-35
2,3,-51,-48,-35
2,3,-56,-48,-35
2,3,-56,-48,-35
2,3,-56,-48,-35
2,3,-56,-47,-35
2,3,-69,-47,-35
2,3,-69,-47,-25
2,3,-69,-62,-25
2,3,-71,-62,-25
2,3,-71,-47,-25
2,3,-71,-47,-35
2,3,-71,-62,-35
2,3,-73,-62,-35
2,3,-73,-62,-25
2,3,-52,-62,-25
2,3,-52,-62,-25
2,3,-52,-49,-25
2,3,-71,-49,-25
2,3,-71,-47,-25
2,3,-70,-47,-25
2,3,-70,-47,-25
2,3,-70,-61,-25
2,3,-70,-48,-25
2,3,-72,-48,-25
2,3,-72,-48,-35
2,3,-72,-47,-35
2,3,-69,-47,-35
2,3,-69,-47,-33
2,3,-69,-48,-33
2,3,-55,-48,-33
2,3,-55,-48,-25
2,3,-55,-50,-25
2,3,-70,-50,-25
2,3,-70,-50,-34
2,3,-70,-62,-34
2,3,-70,-62,-25
2,3,-56,-62,-25
2,3,-56,-61,-25
2,3,-56,-61,-25
2,3,-58,-61,-25
2,3,-58,-49,-25
2,3,-71,-49,-25
2,3,-71,-47,-25
2,3,-71,-63,-25
2,3,-51,-63,-25
2,3,-51,-61,-25
2,3,-51,-61,-35
2,3,-71,-61,-35
2,3,-71,-48,-35
2,3,-56,-48,-35
2,3,-56,-48,-8
2,3,-63,-48,-8
2,3,-63,-48,-36
2,3,-63,-62,-36
2,3,-71,-62,-36
2,3,-71,-62,-25
2,3,-71,-48,-25
2,3,-71,-62,-25
2,3,-71,-62,-35
2,3,-71,-63,-35
2,3,-52,-63,-35
2,3,-52,-48,-35
2,3,-52,-48,-25
2,3,-52,-62,-25
2,3,-52,-62,-36
2,3,-52,-62,-36
2,3,-52,-49,-36
2,3,-52,-49,-35
2,3,-74,-49,-35
2,3,-74,-62,-35
2,3,-74,-62,-36
2,3,-51,-62,-36
2,3,-51,-62,-36
2,3,-55,-62,-36
2,3,-55,-62,-28
2,3,-55,-49,-28
2,3,-65,-49,-28
2,3,-71,-49,-28
2,3,-71,-49,-36
2,3,-71,-62,-36
2,3,-51,-62,-36
2,3,-51,-62,-10
2,3,-71,-62,-10
2,3,-71,-62,-10
2,3,-71,-62,-38
2,3,-71,-62,-38
2,3,-71,-62,-33
2,3,-71,-63,-33
2,3,-71,-63,-35
2,3,-71,-48,-35
2,3,-71,-48,-36
2,3,-66,-48,-36
2,3,-66,-64,-36
2,3,-66,-64,-35
2,3,-51,-64,-35
2,3,-51,-61,-35
2,3,-57,-61,-35
2,3,-67,-61,-35
2,3,-67,-62,-35
2,3,-67,-62,-26
2,3,-59,-62,-26
2,3,-59,-61,-26
2,3,-66,-61,-26
2,3,-66,-49,-26
2,3,-66,-49,-36
2,3,-66,-62,-36
2,3,-67,-62,-36
2,3,-73,-62,-36
2,3,-73,-62,-25
2,3,-73,-60,-25
2,3,-73,-50,-25
2,3,-73,-50,-25
2,3,-73,-50,-36
2,3,-73,-50,-36
2,3,-51,-50,-36
2,3,-51,-63,-36
2,3,-56,-63,-36
2,3,-56,-63,-25
2,3,-56,-60,-25
2,3,-66,-60,-25
2,3,-66,-60,-35
2,3,-66,-62,-35
2,3,-72,-62,-35
2,3,-71,-62,-35
2,3,-71,-62,-34
2,3,-71,-48,-34
2,3,-71,-48,-34
2,3,-71,-47,-34
2,3,-68,-47,-34
2,3,-68,-47,-25
2,3,-68,-47,-39
2,3,-68,-61,-39
2,3,-68,-49,-39
2,3,-72,-49,-39
2,3,-72,-49,-25
2,3,-72,-47,-25
2,3,-65,-47,-25
2,3,-72,-47,-25
2,3,-72,-62,-25
2,3,-66,-62,-25
2,3,-66,-62,-37
2,3,-58,-62,-37
2,3,-58,-62,-36
2,3,-51,-62,-36
2,3,-51,-62,-14
2,3,-51,-62,-14
2,3,-70,-62,-14
2,3,-70,-48,-14
2,3,-66,-48,-14
2,3,-66,-48,-14
2,3,-72,-48,-14
2,3,-72,-48,-34
2,3,-71,-48,-34
2,3,-71,-48,-34
2,3,-71,-49,-34
2,3,-52,-49,-34
2,3,-52,-49,-36
2,3,-52,-63,-36
2,3,-70,-63,-36
2,3,-70,-63,-36
2,3,-70,-48,-36
2,3,-71,-48,-36
2,3,-71,-62,-36
2,3,-71,-62,-26
2,3,-71,-62,-26
2,3,-71,-62,-26
2,3,-71,-62,-36
2,3,-71,-63,-36
2,3,-71,-63,-36
2,3,-58,-63,-36
2,3,-58,-63,-34
2,3,-58,-64,-34
2,3,-52,-64,-34
2,3,-52,-52,-34
2,3,-71,-52,-34
2,3,-71,-52,-36
2,3,-71,-63,-36
2,3,-71,-63,-36
2,3,-71,-63,-38
2,3,-71,-63,-34
2,3,-71,-47,-34
2,3,-52,-47,-34
2,3,-52,-47,-33
2,3,-52,-63,-33
2,3,-57,-63,-33
2,3,-57,-63,-38
2,3,-57,-46,-38
2,3,-67,-46,-38
2,3,-67,-46,-25
2,3,-67,-64,-25
2,3,-69,-64,-25
2,3,-69,-64,-38
2,3,-69,-64,-37
2,3,-73,-64,-37
2,3,-73,-64,-34
2,3,-73,-63,-34
2,3,-52,-63,-34
2,3,-52,-63,-25
2,3,-52,-61,-25
2,3,-58,-61,-25
2,3,-58,-63,-25
2,3,-51,-63,-25
2,3,-51,-63,-26
2,3,-51,-63,-28
2,3,-51,-49,-28
2,3,-51,-49,-25
2,3,-51,-62,-25
2,3,-58,-62,-25
2,3,-58,-64,-25
2,3,-72,-64,-25
2,3,-72,-64,-25
2,3,-72,-64,-25
2,3,-71,-64,-25
2,3,-71,-61,-25
2,3,-71,-61,-36
2,3,-71,-64,-36
2,3,-57,-64,-36
2,3,-57,-64,-34
2,3,-57,-48,-34
2,3,-51,-48,-34
2,3,-51,-48,-25
2,3,-56,-48,-25
2,3,-56,-46,-25
2,3,-72,-46,-25
2,3,-72,-46,-36
2,3,-72,-64,-36
2,3,-73,-64,-36
2,3,-73,-64,-38
2,3,-71,-64,-38
2,3,-71,-64,-25
2,3,-66,-64,-25
2,3,-66,-64,-38
2,3,-71,-64,-38
2,3,-71,-62,-38
2,3,-67,-62,-38
2,3,-67,-62,-38
2,3,-67,-62,-35
2,3,-72,-62,-35
2,3,-72,-62,-35
2,3,-72,-62,-36
2,3,-66,-62,-36
2,3,-66,-48,-36
2,3,-57,-48,-36
2,3,-70,-48,-36
2,3,-70,-62,-36
2,3,-70,-47,-36
2,3,-57,-47,-36
2,3,-57,-48,-36
2,3,-57,-48,-35
2,3,-71,-48,-35
2,3,-71,-61,-35
2,3,-71,-61,-25
2,3,-71,-61,-25
2,3,-71,-47,-25
2,3,-71,-61,-25
2,3,-71,-47,-25
2,3,-70,-47,-25
2,3,-70,-47,-25
2,3,-70,-47,-28
2,3,-72,-47,-28
2,3,-72,-48,-28
2,3,-72,-61,-28
2,3,-72,-61,-37
2,3,-71,-61,-37
2,3,-72,-61,-37
2,3,-72,-61,-22
2,3,-58,-61,-22
2,3,-58,-49,-22
2,3,-58,-49,-35
2,3,-57,-49,-35
2,3,-57,-62,-35
2,3,-57,-62,-25
2,3,-67,-62,-25
2,3,-67,-49,-25
2,3,-67,-49,-37
2,3,-57,-49,-37
2,3,-57,-48,-37
2,3,-57,-48,-36
2,3,-67,-48,-36
2,3,-67,-46,-36
2,3,-67,-46,-34
2,3,-67,-63,-34
2,3,-67,-63,-25
2,3,-67,-63,-34
2,3,-65,-63,-34
2,3,-65,-61,-34
2,3,-71,-61,-34
2,3,-71,-49,-34
2,3,-71,-49,-35
2,3,-71,-48,-35
2,3,-71,-48,-34
2,3,-58,-48,-34
2,3,-58,-63,-34
2,3,-58,-63,-25
2,3,-58,-62,-25
2,3,-58,-63,-25
2,3,-65,-63,-25
2,3,-65,-62,-25
2,3,-65,-62,-28
2,3,-72,-62,-28
2,3,-72,-48,-28
2,3,-72,-48,-33
2,3,-66,-48,-33
2,3,-66,-47,-33
2,3,-66,-47,-26
2,3,-66,-63,-26
2,3,-66,-63,-36
2,3,-66,-62,-36
2,3,-66,-62,-37
2,3,-56,-62,-37
2,3,-56,-49,-37
2,3,-57,-49,-37
2,3,-57,-62,-37
2,3,-57,-62,-35
2,3,-57,-62,-35
2,3,-72,-62,-35
2,3,-72,-62,-35
2,3,-72,-62,-35
2,3,-72,-62,-35
2,3,-72,-63,-35
2,3,-71,-63,-35
2,3,-71,-47,-35
2,3,-71,-47,-35
2,3,-71,-47,-35
2,3,-71,-49,-35
2,3,-71,-49,-25
2,3,-65,-49,-25
2,3,-58,-49,-25
2,3,-58,-49,-25
2,3,-58,-49,-31
2,3,-65,-49,-31
2,3,-65,-49,-35
2,3,-65,-49,-35
2,3,-65,-49,-36
2,3,-66,-49,-36
2,3,-66,-64,-36
2,3,-66,-64,-9
2,3,-57,-64,-9
2,3,-57,-61,-9
2,3,-57,-61,-36
2,3,-57,-47,-36
2,3,-57,-47,-35
2,3,-56,-47,-35
2,3,-56,-63,-35
2,3,-56,-63,-25
2,3,-58,-63,-25
2,3,-58,-61,-25
2,3,-67,-61,-25
2,3,-67,-48,-25
2,3,-67,-48,-25
2,3,-67,-49,-25
2,3,-67,-49,-26
2,3,-58,-49,-26
2,3,-58,-49,-36
2,3,-58,-49,-35
2,3,-58,-61,-35
2,3,-71,-61,-35
2,3,-71,-61,-28
2,3,-71,-48,-28
2,3,-71,-48,-36
2,3,-71,-49,-36
2,3,-58,-49,-36
2,3,-58,-49,-8
2,3,-58,-49,-39
2,3,-58,-49,-39
2,3,-51,-49,-39
2,3,-51,-49,-36
2,3,-51,-46,-36
2,3,-70,-46,-36
2,3,-70,-63,-36
2,3,-51,-63,-36
2,3,-51,-61,-36
2,3,-56,-61,-36
2,3,-56,-61,-25
2,3,-56,-63,-25
2,3,-66,-63,-25
2,3,-66,-63,-36
2,3,-66,-46,-36
2,3,-57,-46,-36
2,3,-57,-46,-36
2,3,-57,-49,-36
2,3,-51,-49,-36
2,3,-51,-49,-35
2,3,-51,-62,-35
2,3,-56,-62,-35
2,3,-56,-62,-35
2,3,-66,-62,-35
2,3,-66,-62,-35
2,3,-66,-61,-35
2,3,-66,-62,-35
2,3,-71,-62,-35
2,3,-71,-62,-35
2,3,-73,-62,-35
2,3,-73,-62,-35
2,3,-73,-49,-35
2,3,-71,-49,-35
2,3,-71,-49,-37
2,3,-71,-46,-37
2,3,-72,-46,-37
2,3,-72,-46,-33
2,3,-72,-48,-33
2,3,-58,-48,-33
2,3,-58,-48,-28
2,3,-58,-48,-37
2,3,-58,-46,-37
2,3,-66,-46,-37
2,3,-66,-62,-37
2,3,-73,-62,-37
2,3,-73,-62,-35
2,3,-73,-63,-35
2,3,-72,-63,-35
2,3,-72,-63,-36
2,3,-58,-63,-36
2,3,-58,-63,-25
2,3,-58,-64,-25
2,3,-56,-64,-25
2,3,-56,-64,-25
2,3,-56,-61,-25
2,3,-72,-61,-25
2,3,-72,-61,-37
2,3,-72,-48,-37
2,3,-67,-48,-37
2,3,-67,-48,-33
2,3,-67,-46,-33
2,3,-73,-46,-33
2,3,-73,-46,-22
2,3,-58,-46,-22
2,3,-58,-46,-34
2,3,-58,-60,-34
2,3,-56,-60,-34
2,3,-56,-60,-35
2,3,-56,-62,-35
2,3,-72,-62,-35
2,3,-67,-62,-35
2,3,-67,-62,-36
2,3,-67,-62,-36
2,3,-65,-62,-36
2,3,-72,-62,-36
2,3,-72,-62,-26
2,3,-72,-63,-26
2,3,-58,-63,-26
2,3,-58,-63,-25
2,3,-58,-61,-25
2,3,-58,-61,-36
2,3,-58,-61,-36
2,3,-71,-61,-36
2,3,-71,-61,-28
2,3,-58,-61,-28
2,3,-58,-61,-33
2,3,-58,-61,-33
2,3,-58,-61,-34
2,3,-58,-61,-34
2,3,-58,-46,-34
2,3,-58,-46,-9
2,3,-65,-46,-9
2,3,-65,-48,-9
2,3,-65,-48,-36
2,3,-72,-48,-36
2,3,-72,-48,-35
2,3,-72,-62,-35
2,3,-66,-62,-35
2,3,-66,-62,-34
2,3,-66,-62,-34
2,3,-56,-62,-34
2,3,-56,-62,-36
2,3,-56,-62,-36
2,3,-57,-62,-36
2,3,-57,-62,-8
2,3,-57,-61,-8
2,3,-70,-61,-8
2,3,-70,-61,-36
2,3,-70,-58,-36
2,3,-70,-58,-28
2,3,-70,-58,-38
2,3,-70,-67,-38
2,3,-67,-67,-38
2,3,-67,-67,-8
2,3,-71,-67,-8
2,3,-67,-67,-8
2,3,-67,-47,-8
2,3,-67,-47,-36
2,3,-71,-47,-36
2,3,-71,-48,-36
2,3,-67,-48,-36
2,3,-67,-50,-36
2,3,-71,-50,-36
2,3,-71,-47,-36
2,3,-71,-47,-26
2,3,-72,-47,-26
2,3,-72,-63,-26
2,3,-72,-63,-34
2,3,-71,-63,-34
2,3,-71,-62,-34
2,3,-71,-62,-35
2,3,-72,-62,-35
2,3,-72,-62,-35
2,3,-72,-62,-34
2,3,-56,-62,-34
2,3,-52,-62,-34
2,3,-52,-50,-34
2,3,-52,-61,-34
2,3,-52,-61,-36
2,3,-51,-61,-36
2,3,-51,-62,-36
2,3,-55,-62,-36
2,3,-55,-61,-36
2,3,-55,-61,-25
2,3,-67,-61,-25
2,3,-72,-61,-25
2,3,-72,-65,-25
2,3,-72,-65,-34
2,3,-72,-62,-34
2,3,-72,-62,-34
2,3,-72,-49,-34
2,3,-72,-49,-34
2,3,-55,-49,-34
2,3,-55,-48,-34
2,3,-55,-49,-34
2,3,-55,-64,-34
2,3,-55,-64,-36
2,3,-71,-64,-36
2,3,-71,-64,-35
2,3,-71,-63,-35
2,3,-71,-63,-38
2,3,-70,-63,-38
2,3,-70,-63,-38
2,3,-70,-63,-8
2,3,-66,-63,-8
2,3,-66,-62,-8
2,3,-66,-50,-8
2,3,-66,-50,-34
2,3,-52,-50,-34
2,3,-52,-62,-34
2,3,-55,-62,-34
2,3,-55,-48,-34
2,3,-55,-48,-36
2,3,-50,-48,-36
2,3,-50,-49,-36
2,3,-50,-49,-35
2,3,-73,-49,-35
2,3,-73,-49,-33
2,3,-66,-49,-33
2,3,-66,-64,-33
2,3,-66,-64,-35
2,3,-57,-64,-35
2,3,-57,-49,-35
2,3,-57,-49,-34
2,3,-51,-49,-34
2,3,-51,-49,-34
2,3,-55,-49,-34
2,3,-55,-50,-34
2,3,-55,-50,-35
2,3,-51,-50,-35
2,3,-51,-49,-35
2,3,-51,-49,-34
2,3,-71,-49,-34
2,3,-71,-65,-34
2,3,-66,-65,-34
2,3,-66,-65,-28
2,3,-66,-65,-28
2,3,-66,-65,-28
2,3,-66,-65,-25
2,3,-55,-65,-25
2,3,-55,-65,-25
2,3,-55,-51,-25
2,3,-51,-51,-25
2,3,-51,-49,-25
2,3,-71,-49,-25
2,3,-71,-50,-25
2,3,-71,-50,-34
2,3,-65,-50,-34
2,3,-65,-63,-34
2,3,-71,-63,-34
2,3,-71,-49,-34
2,3,-71,-49,-25
2,3,-57,-49,-25
2,3,-57,-48,-25
2,3,-72,-48,-25
2,3,-72,-63,-25
2,3,-72,-63,-34
2,3,-72,-63,-34
2,3,-65,-63,-34
2,3,-65,-49,-34
2,3,-57,-49,-34
2,3,-57,-49,-25
2,3,-57,-49,-25
2,3,-50,-49,-25
2,3,-57,-49,-25
2,3,-57,-49,-28
2,3,-57,-63,-28
2,3,-57,-63,-33
2,3,-70,-63,-33
2,3,-70,-62,-33
2,3,-70,-62,-26
2,3,-56,-62,-26
2,3,-56,-62,-25
2,3,-65,-62,-25
2,3,-65,-62,-35
2,3,-70,-62,-35
2,3,-70,-65,-35
2,3,-66,-65,-35
2,3,-66,-63,-35
2,3,-57,-63,-35
2,3,-56,-63,-35
2,3,-56,-63,-36
2,3,-51,-63,-36
2,3,-51,-63,-35
2,3,-51,-48,-35
2,3,-58,-48,-35
2,3,-58,-48,-36
2,3,-58,-49,-36
2,3,-51,-49,-36
2,3,-51,-49,-10
2,3,-56,-49,-10
2,3,-56,-49,-25
2,3,-58,-49,-25
2,3,-58,-49,-25
2,3,-58,-49,-25
2,3,-75,-49,-25
2,3,-75,-49,-25
2,3,-75,-47,-25
2,3,-71,-47,-25
2,3,-71,-47,-25
2,3,-71,-63,-25
2,3,-71,-63,-25
2,3,-71,-63,-25
2,3,-71,-63,-34
2,3,-71,-49,-34
2,3,-71,-49,-34
2,3,-71,-49,-28
2,3,-56,-49,-28
2,3,-56,-63,-28
2,3,-57,-63,-28
2,3,-57,-49,-28
2,3,-70,-49,-28
2,3,-70,-63,-28
2,3,-70,-63,-34
2,3,-51,-63,-34
2,3,-51,-63,-34
2,3,-51,-63,-25
2,3,-57,-63,-25
2,3,-57,-63,-25
2,3,-71,-63,-25
2,3,-71,-63,-25
2,3,-71,-49,-25
2,3,-71,-49,-36
2,3,-71,-49,-36
2,3,-71,-62,-36
2,3,-71,-62,-33
2,3,-55,-62,-33
2,3,-55,-62,-33
2,3,-64,-62,-33
2,3,-64,-50,-33
2,3,-64,-50,-34
2,3,-72,-50,-34
2,3,-72,-65,-34
2,3,-72,-65,-35
2,3,-57,-65,-35
2,3,-57,-64,-35
2,3,-57,-64,-36
2,3,-51,-64,-36
2,3,-51,-50,-36
2,3,-51,-50,-28
2,3,-72,-50,-28
2,3,-72,-50,-28
2,3,-72,-50,-25
2,3,-71,-50,-25
2,3,-71,-50,-25
2,3,-71,-50,-35
2,3,-57,-50,-35
2,3,-57,-63,-35
2,3,-57,-63,-33
2,3,-57,-63,-25
2,3,-66,-63,-25
2,3,-66,-48,-25
2,3,-72,-48,-25
2,3,-72,-48,-25
2,3,-72,-50,-25
2,3,-51,-50,-25
2,3,-51,-65,-25
2,3,-51,-65,-25
2,3,-71,-65,-25
2,3,-71,-65,-25
2,3,-71,-65,-38
2,3,-65,-65,-38
2,3,-65,-50,-38
2,3,-65,-50,-36
2,3,-65,-50,-36
2,3,-65,-50,-36
2,3,-65,-50,-36
2,3,-70,-50,-36
2,3,-70,-50,-74
2,3,-70,-63,-74
2,3,-65,-63,-74
2,3,-57,-63,-74
2,3,-57,-63,-36
2,3,-57,-63,-35
2,3,-65,-63,-35
2,3,-65,-49,-35
2,3,-71,-49,-35
2,3,-71,-49,-36
2,3,-55,-49,-36
2,3,-55,-51,-36
2,3,-55,-51,-35
2,3,-57,-51,-35
2,3,-57,-62,-35
2,3,-57,-62,-36
2,3,-66,-62,-36
2,3,-66,-62,-9
2,3,-57,-62,-9
2,3,-57,-63,-9
2,3,-55,-63,-9
2,3,-55,-65,-9
2,3,-55,-65,-35
2,3,-55,-65,-35
2,3,-55,-47,-35
2,3,-55,-47,-25
2,3,-71,-47,-25
2,3,-71,-47,-36
2,3,-57,-47,-36
2,3,-57,-47,-36
2,3,-65,-47,-36
2,3,-65,-62,-36
2,5,-63,-74,-54
2,5,-63,-74,-73
2,5,-61,-74,-73
2,5,-61,-64,-73
2,5,-61,-64,-53
2,5,-61,-56,-53
2,5,-49,-56,-53
2,5,-49,-56,-57
2,5,-65,-56,-57
2,5,-65,-57,-57
2,5,-61,-57,-57
2,5,-61,-63,-57
2,5,-63,-63,-57
2,5,-63,-63,-53
2,5,-63,-57,-53
2,5,-64,-57,-53
2,5,-46,-57,-53
2,5,-46,-66,-53
2,5,-46,-66,-37
2,5,-65,-66,-37
2,5,-65,-57,-37
2,5,-65,-57,-59
2,5,-61,-57,-59
2,5,-61,-51,-59
2,5,-63,-51,-59
2,5,-63,-69,-59
2,5,-48,-69,-59
2,5,-48,-57,-59
2,5,-48,-60,-59
2,5,-48,-60,-69
2,5,-48,-50,-69
2,5,-64,-50,-69
2,5,-64,-76,-69
2,5,-64,-76,-53
2,5,-64,-44,-53
2,5,-63,-44,-53
2,5,-63,-44,-53
2,5,-49,-44,-53
2,5,-49,-43,-53
2,5,-49,-43,-70
2,5,-63,-43,-70
2,5,-63,-43,-53
2,5,-63,-43,-53
2,5,-63,-58,-53
2,5,-63,-58,-56
2,5,-49,-58,-56
2,5,-49,-58,-55
2,5,-64,-58,-55
2,5,-64,-58,-55
2,5,-64,-58,-54
2,5,-65,-58,-54
2,5,-65,-70,-54
2,5,-65,-70,-69
2,5,-61,-70,-69
2,5,-61,-43,-69
2,5,-61,-43,-54
2,5,-49,-43,-54
2,5,-49,-81,-54
2,5,-63,-81,-54
2,5,-63,-65,-54
2,5,-63,-65,-38
2,5,-65,-65,-38
2,5,-65,-65,-70
2,5,-65,-49,-70
2,5,-48,-49,-70
2,5,-48,-49,-53
2,5,-48,-58,-53
2,5,-48,-80,-53
2,5,-48,-80,-53
2,5,-48,-57,-53
2,5,-46,-57,-53
2,5,-46,-57,-56
2,5,-46,-68,-56
2,5,-64,-68,-56
2,5,-64,-68,-37
2,5,-64,-63,-37
2,5,-64,-58,-37
2,5,-49,-58,-37
2,5,-49,-58,-53
2,5,-49,-50,-53
2,5,-63,-50,-53
2,5,-63,-50,-55
2,5,-63,-67,-55
2,5,-63,-67,-54
2,5,-63,-50,-54
2,5,-63,-50,-55
2,5,-63,-66,-55
2,5,-46,-66,-55
2,5,-46,-66,-37
2,5,-65,-66,-37
2,5,-65,-66,-69
2,5,-49,-66,-69
2,5,-49,-66,-42
2,5,-49,-49,-42
2,5,-49,-49,-42
2,5,-49,-49,-55
2,5,-62,-49,-55
2,5,-62,-49,-56
2,5,-62,-57,-56
2,5,-62,-67,-56
2,5,-62,-50,-56
2,5,-62,-50,-53
2,5,-46,-50,-53
2,5,-62,-50,-53
2,5,-62,-50,-37
2,5,-61,-50,-37
2,5,-61,-50,-37
2,5,-61,-50,-37
2,5,-61,-50,-56
2,5,-62,-50,-56
2,5,-62,-50,-37
2,5,-62,-50,-37
2,5,-65,-50,-37
2,5,-65,-50,-56
2,5,-61,-50,-56
2,5,-61,-50,-38
2,5,-61,-50,-57
2,5,-61,-76,-57
2,5,-46,-76,-57
2,5,-46,-76,-53
2,5,-64,-76,-53
2,5,-64,-76,-43
2,5,-64,-76,-43
2,5,-61,-76,-43
2,5,-61,-76,-33
2,5,-61,-54,-33
2,5,-61,-54,-56
2,5,-61,-43,-56
2,5,-61,-43,-56
2,5,-61,-43,-33
2,5,-61,-61,-33
2,5,-62,-61,-33
2,5,-62,-61,-56
2,5,-62,-58,-56
2,5,-63,-58,-56
2,5,-63,-58,-53
2,5,-48,-58,-53
2,5,-48,-43,-53
2,5,-48,-43,-55
2,5,-49,-43,-55
2,5,-47,-43,-55
2,5,-47,-43,-43
2,5,-64,-43,-43
2,5,-64,-58,-43
2,5,-64,-58,-71
2,5,-64,-62,-71
2,5,-49,-62,-71
2,5,-49,-62,-42
2,5,-49,-43,-42
2,5,-49,-43,-38
2,5,-46,-43,-38
2,5,-46,-62,-38
2,5,-46,-62,-42
2,5,-49,-62,-42
2,5,-61,-62,-42
2,5,-61,-62,-37
2,5,-61,-62,-53
2,5,-61,-76,-53
2,5,-61,-76,-55
2,5,-61,-44,-55
2,5,-47,-44,-55
2,5,-47,-44,-38
2,5,-48,-44,-38
2,5,-61,-44,-38
2,5,-61,-76,-38
2,5,-61,-76,-71
2,5,-63,-76,-71
2,5,-63,-58,-71
2,5,-65,-58,-71
2,5,-65,-62,-71
2,5,-65,-62,-71
2,5,-46,-62,-71
2,5,-46,-64,-71
2,5,-46,-64,-42
2,5,-48,-64,-42
2,5,-48,-43,-42
2,5,-48,-43,-56
2,5,-47,-43,-56
2,5,-47,-64,-56
2,5,-47,-64,-37
2,5,-49,-64,-37
2,5,-49,-76,-37
2,5,-49,-76,-56
2,5,-49,-50,-56
2,5,-49,-62,-56
2,5,-49,-62,-56
2,5,-49,-50,-56
2,5,-49,-50,-57
2,5,-49,-58,-57
2,5,-49,-58,-57
2,5,-49,-58,-53
2,5,-49,-76,-53
2,5,-49,-76,-56
2,5,-49,-43,-56
2,5,-49,-43,-56
2,5,-49,-64,-56
2,5,-49,-61,-56
2,5,-49,-61,-55
2,5,-49,-61,-55
2,5,-49,-65,-55
2,5,-61,-65,-55
2,5,-61,-65,-43
2,5,-64,-65,-43
2,5,-64,-65,-37
2,5,-64,-64,-37
2,5,-61,-64,-37
2,5,-61,-64,-56
2,5,-61,-61,-56
2,5,-65,-61,-56
2,5,-65,-61,-37
2,5,-65,-50,-37
2,5,-49,-50,-37
2,5,-49,-50,-43
2,5,-49,-75,-43
2,5,-65,-75,-43
2,5,-65,-50,-43
2,5,-49,-50,-43
2,5,-49,-50,-56
2,5,-49,-75,-56
2,5,-47,-75,-56
2,5,-47,-75,-53
2,5,-47,-58,-53
2,5,-49,-58,-53
2,5,-49,-75,-53
2,5,-49,-75,-38
2,5,-49,-65,-38
2,5,-62,-65,-38
2,5,-62,-65,-43
2,5,-62,-76,-43
2,5,-62,-76,-36
2,5,-62,-58,-36
2,5,-62,-58,-70
2,5,-62,-50,-70
2,5,-65,-50,-70
2,5,-65,-50,-38
2,5,-65,-75,-38
2,5,-47,-75,-38
2,5,-47,-75,-37
2,5,-47,-50,-37
2,5,-64,-50,-37
2,5,-64,-43,-37
2,5,-61,-43,-37
2,5,-61,-75,-37
2,5,-61,-75,-56
2,5,-61,-65,-56
2,5,-61,-65,-56
2,5,-46,-65,-56
2,5,-46,-62,-56
2,5,-46,-62,-37
2,5,-64,-62,-37
2,5,-64,-58,-37
2,5,-64,-58,-56
2,5,-64,-58,-56
2,5,-64,-75,-56
2,5,-64,-75,-53
2,5,-62,-75,-53
2,5,-62,-58,-53
2,5,-62,-58,-71
2,5,-65,-58,-71
2,5,-65,-58,-53
2,5,-49,-58,-53
2,5,-49,-44,-53
2,5,-49,-44,-42
2,5,-49,-44,-42
2,5,-61,-44,-42
2,5,-49,-44,-42
2,5,-46,-44,-42
2,5,-46,-50,-42
2,5,-48,-50,-42
2,5,-48,-61,-42
2,5,-48,-61,-53
2,5,-48,-65,-53
2,5,-48,-58,-53
2,5,-48,-58,-37
2,5,-48,-58,-56
2,5,-48,-63,-56
2,5,-48,-63,-55
2,5,-48,-61,-55
2,5,-48,-61,-57
2,5,-48,-58,-57
2,5,-64,-58,-57
2,5,-64,-58,-37
2,5,-49,-58,-37
2,5,-49,-58,-57
2,5,-49,-43,-57
2,5,-48,-43,-57
2,5,-48,-75,-57
2,5,-48,-75,-56
2,5,-48,-65,-56
2,5,-61,-65,-56
2,5,-61,-58,-56
2,5,-49,-58,-56
2,5,-49,-58,-71
2,5,-49,-50,-71
2,5,-46,-50,-71
2,5,-46,-50,-42
2,5,-46,-43,-42
2,5,-64,-43,-42
2,5,-64,-43,-70
2,5,-64,-61,-70
2,5,-63,-61,-70
2,5,-63,-61,-42
2,5,-63,-43,-42
2,5,-62,-43,-42
2,5,-62,-43,-58
2,5,-62,-60,-58
2,5,-64,-60,-58
2,5,-64,-60,-37
2,5,-64,-60,-42
2,5,-62,-60,-42
2,5,-62,-43,-42
2,5,-48,-43,-42
2,5,-48,-43,-53
2,5,-48,-50,-53
2,5,-65,-50,-53
2,5,-65,-50,-70
2,5,-65,-50,-56
2,5,-65,-65,-56
2,5,-61,-65,-56
2,5,-63,-65,-56
2,5,-63,-65,-56
2,5,-62,-65,-56
2,5,-62,-75,-56
2,5,-62,-75,-54
2,5,-63,-75,-54
2,5,-63,-75,-57
2,5,-61,-75,-57
2,5,-61,-74,-57
2,5,-61,-74,-57
2,5,-61,-50,-57
2,5,-61,-50,-57
2,5,-61,-50,-37
2,5,-48,-50,-37
2,5,-48,-50,-56
2,5,-48,-74,-56
2,5,-62,-74,-56
2,5,-62,-74,-43
2,5,-62,-74,-70
2,5,-62,-60,-70
2,5,-64,-60,-70
2,5,-63,-60,-70
2,5,-63,-60,-54
2,5,-49,-60,-54
2,5,-49,-60,-71
2,5,-46,-60,-71
2,5,-46,-50,-71
2,5,-46,-44,-71
2,5,-46,-44,-56
2,5,-46,-44,-56
2,5,-46,-60,-56
2,5,-46,-60,-42
2,5,-63,-60,-42
2,5,-63,-44,-42
2,5,-63,-44,-53
2,5,-63,-74,-53
2,5,-63,-74,-71
2,5,-63,-74,-53
2,5,-49,-74,-53
2,5,-49,-60,-53
2,5,-49,-60,-71
2,5,-49,-58,-71
2,5,-49,-58,-53
2,5,-61,-58,-53
2,5,-61,-65,-53
2,5,-61,-65,-56
2,5,-61,-57,-56
2,5,-61,-57,-56
2,5,-61,-57,-56
2,5,-61,-74,-56
2,5,-61,-74,-56
2,5,-48,-74,-56
2,5,-62,-74,-56
2,5,-64,-74,-56
2,5,-64,-58,-56
2,5,-64,-58,-37
2,5,-64,-50,-37
2,5,-64,-50,-57
2,5,-63,-50,-57
2,5,-63,-57,-57
2,5,-63,-57,-37
2,5,-49,-57,-37
2,5,-49,-50,-37
2,5,-49,-50,-42
2,5,-49,-50,-56
2,5,-46,-50,-56
2,5,-46,-43,-56
2,5,-46,-43,-33
2,5,-48,-43,-33
2,5,-48,-49,-33
2,5,-48,-49,-71
2,5,-61,-49,-71
2,5,-61,-61,-71
2,5,-61,-61,-42
2,5,-61,-50,-42
2,5,-61,-50,-53
2,5,-61,-43,-53
2,5,-61,-60,-53
2,5,-61,-60,-42
2,5,-61,-50,-42
2,5,-61,-50,-53
2,5,-49,-50,-53
2,5,-49,-57,-53
2,5,-49,-57,-70
2,5,-63,-57,-70
2,5,-63,-60,-70
2,5,-63,-60,-53
2,5,-48,-60,-53
2,5,-48,-59,-53
2,5,-46,-59,-53
2,5,-46,-50,-53
2,5,-46,-50,-53
2,5,-64,-50,-53
2,5,-64,-60,-53
2,5,-64,-60,-56
2,5,-49,-60,-56
2,5,-49,-63,-56
2,5,-49,-63,-37
2,5,-47,-63,-37
2,5,-47,-58,-37
2,5,-47,-58,-56
2,5,-47,-61,-56
2,5,-47,-61,-42
2,5,-47,-61,-42
2,5,-47,-61,-53
2,5,-65,-61,-53
2,5,-61,-61,-53
2,5,-61,-43,-53
2,5,-49,-43,-53
2,5,-49,-75,-53
2,5,-49,-75,-43
2,5,-49,-64,-43
2,5,-49,-64,-53
2,5,-49,-57,-53
2,5,-63,-57,-53
2,5,-63,-50,-53
2,5,-63,-50,-53
2,5,-63,-50,-37
2,5,-65,-50,-37
2,5,-65,-74,-37
2,5,-65,-74,-56
2,5,-49,-74,-56
2,5,-49,-60,-56
2,5,-48,-60,-56
2,5,-48,-50,-56
2,5,-48,-50,-71
2,5,-63,-50,-71
2,5,-63,-43,-71
2,5,-63,-43,-34
2,5,-46,-43,-34
2,5,-46,-50,-34
2,5,-61,-50,-34
2,5,-61,-50,-50
2,5,-61,-65,-50
2,5,-49,-65,-50
2,5,-49,-65,-57
2,5,-49,-43,-57
2,5,-62,-43,-57
2,5,-62,-43,-53
2,5,-62,-65,-53
2,5,-65,-65,-53
2,5,-65,-65,-56
2,5,-65,-75,-56
2,5,-61,-75,-56
2,5,-61,-75,-38
2,5,-61,-50,-38
2,5,-49,-50,-38
2,5,-49,-50,-71
2,5,-49,-43,-71
2,5,-49,-43,-53
2,5,-49,-60,-53
2,5,-49,-60,-53
2,5,-49,-60,-57
2,5,-49,-58,-57
2,5,-65,-58,-57
2,5,-65,-58,-36
2,5,-65,-74,-36
2,5,-65,-74,-55
2,5,-65,-58,-55
2,5,-46,-58,-55
2,5,-46,-50,-55
2,5,-46,-50,-71
2,5,-49,-50,-71
2,5,-49,-43,-71
2,5,-46,-43,-71
2,5,-46,-50,-71
2,5,-46,-50,-69
2,5,-48,-50,-69
2,5,-48,-43,-69
2,5,-61,-43,-69
2,5,-61,-49,-69
2,5,-61,-49,-43
2,5,-49,-49,-43
2,5,-49,-41,-43
2,5,-49,-41,-53
2,5,-46,-41,-53
2,5,-46,-50,-53
2,5,-46,-50,-57
2,5,-49,-50,-57
2,5,-49,-50,-70
2,5,-46,-50,-70
2,5,-46,-66,-70
2,5,-46,-66,-53
2,5,-64,-66,-53
2,5,-64,-57,-53
2,5,-64,-57,-56
2,5,-64,-65,-56
2,5,-64,-65,-70
2,5,-49,-65,-70
2,5,-49,-68,-70
2,5,-49,-68,-43
2,5,-64,-68,-43
2,5,-64,-42,-43
2,5,-64,-42,-53
2,5,-47,-42,-53
2,5,-47,-61,-53
2,5,-47,-61,-42
2,5,-48,-61,-42
2,5,-48,-43,-42
2,5,-48,-43,-53
2,5,-46,-43,-53
2,5,-46,-64,-53
2,5,-46,-64,-56
2,5,-46,-64,-72
2,5,-63,-64,-72
2,5,-63,-47,-72
2,5,-63,-47,-54
2,5,-63,-47,-43
2,5,-63,-64,-43
2,5,-63,-64,-73
2,5,-49,-64,-73
2,5,-49,-62,-73
2,5,-45,-62,-73
2,5,-45,-51,-73
2,5,-45,-51,-60
2,5,-49,-51,-60
2,5,-49,-64,-60
2,5,-49,-64,-53
2,5,-46,-64,-53
2,5,-46,-58,-53
2,5,-46,-58,-75
2,5,-63,-58,-75
2,5,-63,-80,-75
2,5,-63,-80,-56
2,5,-63,-80,-56
2,5,-63,-80,-61
2,5,-47,-80,-61
2,5,-47,-81,-61
2,5,-62,-81,-61
2,5,-62,-68,-61
2,5,-62,-68,-62
2,5,-52,-68,-62
2,5,-52,-78,-62
2,5,-52,-78,-56
2,5,-62,-78,-56
2,5,-62,-67,-56
2,5,-63,-67,-56
2,5,-48,-67,-56
2,5,-48,-67,-74
2,5,-61,-67,-74
2,5,-61,-62,-74
2,5,-61,-62,-54
2,5,-64,-62,-54
2,5,-64,-62,-59
2,5,-61,-62,-59
2,5,-61,-66,-59
2,5,-63,-66,-59
2,5,-63,-58,-59
2,5,-61,-58,-59
2,5,-61,-58,-57
2,5,-63,-58,-57
2,5,-63,-43,-57
2,5,-63,-43,-53
2,5,-63,-67,-53
2,5,-63,-67,-57
2,5,-49,-67,-57
2,5,-49,-43,-57
2,5,-49,-43,-61
2,5,-63,-43,-61
2,5,-63,-78,-61
2,5,-63,-78,-56
2,5,-63,-43,-56
2,5,-63,-43,-73
2,5,-64,-43,-73
2,5,-64,-81,-73
2,5,-64,-81,-56
2,5,-63,-81,-56
2,5,-63,-53,-56
2,5,-63,-53,-60
2,5,-49,-53,-60
2,5,-49,-73,-60
2,5,-49,-73,-53
2,5,-49,-43,-53
2,5,-49,-43,-56
2,5,-49,-43,-56
2,5,-49,-43,-53
2,5,-61,-43,-53
2,5,-61,-43,-53
2,5,-61,-43,-74
2,5,-64,-43,-74
2,5,-64,-85,-74
2,5,-46,-85,-74
2,5,-46,-58,-74
2,5,-46,-58,-73
2,5,-64,-58,-73
2,5,-64,-83,-73
2,5,-64,-83,-57
2,5,-46,-83,-57
2,5,-46,-43,-57
2,5,-46,-43,-74
2,5,-46,-52,-74
2,5,-46,-52,-53
2,5,-63,-52,-53
2,5,-63,-84,-53
2,5,-63,-84,-56
2,5,-63,-43,-56
2,5,-49,-43,-56
2,5,-49,-43,-56
2,5,-61,-43,-56
2,5,-61,-57,-56
2,5,-61,-57,-34
2,5,-49,-57,-34
2,5,-49,-70,-34
2,5,-48,-70,-34
2,5,-48,-58,-34
2,5,-48,-58,-59
2,5,-61,-58,-59
2,5,-61,-66,-59
2,5,-61,-66,-56
2,5,-64,-66,-56
2,5,-64,-66,-53
2,5,-64,-66,-43
2,5,-48,-66,-43
2,5,-48,-77,-43
2,5,-62,-77,-43
2,5,-62,-52,-43
2,5,-63,-52,-43
2,5,-49,-52,-43
2,5,-49,-52,-56
2,5,-62,-52,-56
2,5,-62,-52,-53
2,5,-62,-68,-53
2,5,-48,-68,-53
2,5,-48,-68,-56
2,5,-48,-44,-56
2,5,-48,-44,-59
2,5,-48,-67,-59
2,5,-48,-67,-57
2,5,-48,-78,-57
2,5,-48,-78,-53
2,5,-68,-78,-53
2,5,-68,-67,-53
2,5,-68,-67,-42
2,5,-47,-67,-42
2,5,-47,-78,-42
2,5,-47,-78,-54
2,5,-64,-78,-54
2,5,-64,-68,-54
2,5,-64,-68,-59
2,5,-62,-68,-59
2,5,-62,-58,-59
2,5,-62,-58,-37
2,5,-63,-58,-37
2,5,-63,-68,-37
2,5,-63,-68,-56
2,5,-49,-68,-56
2,5,-49,-68,-53
2,5,-46,-68,-53
2,5,-46,-80,-53
2,5,-49,-80,-53
2,5,-49,-58,-53
2,5,-48,-58,-53
2,5,-48,-58,-58
2,5,-64,-58,-58
2,5,-64,-58,-58
2,5,-64,-58,-54
2,5,-48,-58,-54
2,5,-48,-65,-54
2,5,-48,-58,-54
2,5,-48,-58,-53
2,5,-48,-78,-53
2,5,-48,-78,-59
2,5,-64,-78,-59
2,5,-64,-58,-59
2,5,-64,-58,-37
2,5,-62,-58,-37
2,5,-62,-50,-37
2,5,-62,-50,-58
2,5,-63,-50,-58
2,5,-63,-50,-37
2,5,-63,-51,-37
2,5,-63,-51,-42
2,5,-48,-51,-42
2,5,-48,-58,-42
2,5,-48,-58,-53
2,5,-62,-58,-53
2,5,-62,-67,-53
2,5,-62,-67,-56
2,5,-64,-67,-56
2,5,-64,-58,-56
2,5,-61,-58,-56
2,5,-61,-58,-42
2,5,-61,-44,-42
2,5,-61,-44,-58
2,5,-62,-44,-58
2,5,-62,-70,-58
2,5,-62,-70,-38
2,5,-62,-70,-56
2,5,-46,-70,-56
2,5,-46,-70,-53
2,5,-46,-70,-56
2,5,-61,-70,-56
2,5,-61,-70,-38
2,5,-61,-65,-38
2,5,-48,-65,-38
2,5,-48,-65,-72
2,5,-48,-59,-72
2,5,-48,-79,-72
2,5,-65,-79,-72
2,5,-48,-79,-72
2,5,-48,-43,-72
2,5,-48,-43,-58
2,5,-48,-43,-37
2,5,-48,-67,-37
2,5,-48,-67,-57
2,5,-48,-46,-57
2,5,-49,-46,-57
2,5,-49,-46,-54
2,5,-49,-67,-54
2,5,-62,-67,-54
2,5,-62,-67,-71
2,5,-62,-62,-71
2,5,-49,-62,-71
2,5,-49,-62,-42
2,5,-49,-51,-42
2,5,-47,-51,-42
2,5,-47,-51,-56
2,5,-63,-51,-56
2,5,-63,-51,-56
2,5,-63,-67,-56
2,5,-61,-67,-56
2,5,-61,-67,-57
2,5,-61,-62,-57
2,5,-48,-62,-57
2,5,-63,-62,-57
2,5,-63,-62,-71
2,5,-64,-62,-71
2,5,-64,-77,-71
2,5,-64,-77,-42
2,5,-64,-77,-42
2,5,-64,-77,-72
2,5,-64,-56,-72
2,5,-64,-56,-54
2,5,-64,-51,-54
2,5,-49,-51,-54
2,5,-49,-51,-56
2,5,-49,-79,-56
2,5,-49,-79,-56
2,5,-49,-79,-56
2,5,-49,-79,-54
2,5,-49,-79,-70
2,5,-49,-78,-70
2,5,-64,-78,-70
2,5,-64,-78,-54
2,5,-64,-67,-54
2,5,-48,-67,-54
2,5,-48,-67,-71
2,5,-48,-57,-71
2,5,-48,-57,-53
2,5,-48,-68,-53
2,5,-61,-68,-53
2,5,-61,-68,-70
2,5,-61,-82,-70
2,5,-49,-82,-70
2,5,-49,-43,-70
2,5,-47,-43,-70
2,5,-47,-66,-70
2,5,-63,-66,-70
2,5,-63,-66,-52
2,5,-63,-43,-52
2,5,-47,-43,-52
2,5,-47,-43,-37
2,5,-47,-66,-37
2,5,-49,-66,-37
2,5,-49,-66,-52
2,5,-49,-79,-52
2,5,-61,-79,-52
2,5,-61,-79,-53
2,5,-61,-66,-53
2,5,-64,-66,-53
2,5,-64,-66,-56
2,5,-64,-62,-56
2,5,-62,-62,-56
2,5,-62,-62,-43
2,5,-62,-57,-43
2,5,-64,-57,-43
2,5,-64,-57,-57
2,5,-64,-57,-54
2,5,-49,-57,-54
2,5,-49,-57,-43
2,5,-49,-66,-43
2,5,-47,-66,-43
2,5,-47,-66,-56
2,5,-47,-60,-56
2,5,-49,-60,-56
2,5,-47,-60,-56
2,5,-47,-60,-70
2,5,-64,-60,-70
2,5,-64,-60,-38
2,5,-64,-67,-38
2,5,-64,-67,-71
2,5,-64,-76,-71
2,5,-64,-76,-71
2,5,-64,-76,-53
2,5,-64,-65,-53
2,5,-62,-65,-53
2,5,-62,-65,-56
2,5,-62,-58,-56
2,5,-49,-58,-56
2,5,-49,-58,-42
2,5,-49,-65,-42
2,5,-49,-65,-42
2,5,-49,-57,-42
2,5,-64,-57,-42
2,5,-64,-57,-42
2,5,-47,-57,-42
2,5,-47,-57,-53
2,5,-47,-58,-53
2,5,-47,-58,-71
2,5,-47,-51,-71
2,5,-61,-51,-71
2,5,-61,-51,-42
2,5,-61,-75,-42
2,5,-61,-66,-42
2,5,-47,-66,-42
2,5,-47,-66,-56
2,5,-47,-65,-56
2,5,-47,-65,-53
2,5,-47,-61,-53
2,5,-49,-61,-53
2,5,-49,-61,-72
2,5,-64,-61,-72
2,5,-64,-61,-56
2,5,-64,-76,-56
2,5,-49,-76,-56
2,5,-49,-76,-71
2,5,-64,-76,-71
2,5,-64,-76,-71
2,5,-64,-51,-71
2,5,-64,-51,-56
2,5,-64,-64,-56
2,5,-64,-64,-37
2,5,-64,-64,-37
2,5,-64,-64,-43
2,5,-62,-64,-43
2,5,-62,-64,-56
2,5,-65,-64,-56
2,5,-65,-67,-56
2,5,-65,-67,-56
2,5,-64,-67,-56
2,5,-64,-64,-56
2,5,-64,-64,-56
2,5,-61,-64,-56
2,5,-61,-66,-56
2,5,-61,-66,-56
2,5,-61,-57,-56
2,5,-61,-57,-70
2,5,-61,-57,-53
2,5,-61,-43,-53
2,5,-61,-43,-55
2,5,-64,-43,-55
2,5,-64,-43,-34
2,5,-63,-43,-34
2,5,-63,-43,-55
2,5,-63,-66,-55
2,5,-63,-66,-55
2,5,-63,-66,-37
2,5,-63,-66,-56
2,5,-63,-58,-56
2,5,-62,-58,-56
2,5,-62,-52,-56
2,5,-62,-52,-42
2,5,-62,-58,-42
2,5,-62,-58,-69
2,5,-63,-58,-69
2,5,-63,-52,-69
2,5,-63,-52,-53
2,5,-47,-52,-53
2,5,-47,-72,-53
2,5,-47,-52,-53
2,5,-47,-52,-42
2,5,-47,-83,-42
2,5,-47,-83,-71
2,5,-64,-83,-71
2,5,-64,-83,-56
2,5,-47,-83,-56
2,5,-47,-83,-53
2,5,-63,-83,-53
2,5,-63,-43,-53
2,5,-63,-43,-69
2,5,-63,-71,-69
2,5,-63,-71,-56
2,5,-63,-71,-56
2,5,-63,-57,-56
2,5,-64,-57,-56
2,5,-64,-57,-53
2,5,-64,-84,-53
2,5,-64,-84,-43
2,5,-64,-52,-43
2,5,-49,-52,-43
2,5,-49,-52,-56
2,5,-49,-52,-38
2,5,-49,-66,-38
2,5,-64,-66,-38
2,5,-64,-56,-38
2,5,-64,-56,-53
2,5,-64,-52,-53
2,5,-64,-52,-57
2,5,-64,-68,-57
2,5,-62,-68,-57
2,5,-62,-68,-38
2,5,-64,-68,-38
2,5,-64,-68,-42
2,5,-64,-68,-54
2,5,-49,-68,-54
2,5,-49,-86,-54
2,5,-47,-86,-54
2,5,-47,-66,-54
2,5,-47,-66,-53
2,5,-47,-58,-53
2,5,-63,-58,-53
2,5,-63,-43,-53
2,5,-49,-43,-53
2,5,-49,-43,-71
2,5,-49,-43,-38
2,5,-49,-59,-38
2,5,-49,-59,-34
2,5,-64,-59,-34
2,5,-64,-59,-57
2,5,-46,-59,-57
2,5,-46,-69,-57
2,5,-46,-69,-34
2,5,-64,-69,-34
2,5,-64,-58,-34
2,5,-61,-58,-34
2,5,-61,-80,-34
2,5,-61,-80,-55
2,5,-50,-80,-55
2,5,-50,-43,-55
2,5,-50,-43,-57
2,5,-47,-43,-57
2,5,-47,-43,-42
2,5,-49,-43,-42
2,5,-49,-44,-42
2,5,-61,-44,-42
2,5,-61,-81,-42
2,5,-64,-81,-42
2,5,-64,-81,-37
2,5,-64,-65,-37
2,5,-64,-65,-57
2,5,-64,-78,-57
2,5,-48,-78,-57
2,5,-48,-78,-34
2,5,-48,-78,-42
2,5,-48,-58,-42
2,5,-64,-58,-42
2,5,-64,-58,-58
2,5,-64,-66,-58
2,5,-46,-66,-58
2,5,-46,-66,-54
2,5,-46,-65,-54
2,5,-62,-65,-54
2,5,-62,-65,-37
2,5,-62,-58,-37
2,5,-49,-58,-37
2,5,-49,-58,-42
2,5,-49,-66,-42
2,5,-47,-66,-42
2,5,-64,-66,-42
2,5,-48,-66,-42
2,5,-48,-66,-53
2,5,-48,-58,-53
2,5,-64,-58,-53
2,5,-64,-58,-42
2,5,-64,-74,-42
2,5,-64,-66,-42
2,5,-48,-66,-42
2,5,-48,-58,-42
2,5,-47,-58,-42
2,5,-63,-58,-42
2,5,-63,-58,-33
2,5,-63,-57,-33
2,5,-63,-57,-42
2,5,-63,-73,-42
2,5,-49,-73,-42
2,5,-49,-73,-38
2,5,-64,-73,-38
2,5,-64,-72,-38
2,5,-47,-72,-38
2,5,-47,-72,-34
2,5,-47,-57,-34
2,5,-63,-57,-34
2,5,-63,-57,-57
2,5,-63,-66,-57
2,5,-61,-66,-57
2,5,-61,-66,-38
2,5,-61,-58,-38
2,5,-49,-58,-38
2,5,-49,-58,-43
2,5,-49,-77,-43
2,5,-47,-77,-43
2,5,-47,-77,-53
2,5,-47,-66,-53
2,5,-64,-66,-53
2,5,-64,-66,-70
2,5,-64,-57,-70
2,5,-62,-57,-70
2,5,-62,-57,-53
2,5,-64,-57,-53
2,5,-64,-57,-71
2,5,-64,-62,-71
2,5,-64,-62,-71
2,5,-63,-62,-71
2,5,-63,-43,-71
2,5,-63,-43,-56
2,5,-62,-43,-56
2,5,-62,-62,-56
2,5,-62,-62,-42
2,5,-62,-66,-42
2,5,-62,-66,-56
2,5,-63,-66,-56
2,5,-63,-62,-56
2,5,-63,-62,-38
2,5,-49,-62,-38
2,5,-49,-51,-38
2,5,-49,-42,-38
2,5,-49,-42,-54
2,5,-49,-67,-54
2,5,-49,-67,-38
2,5,-49,-67,-38
2,5,-49,-56,-38
2,5,-49,-56,-56
2,5,-48,-56,-56
2,5,-48,-66,-56
2,5,-48,-66,-42
2,5,-47,-66,-42
2,5,-47,-42,-42
2,5,-47,-42,-56
2,5,-48,-42,-56
2,5,-48,-42,-56
2,5,-62,-42,-56
2,5,-62,-57,-56
2,5,-62,-57,-53
2,5,-64,-57,-53
2,5,-64,-57,-57
2,5,-64,-66,-57
2,5,-61,-66,-57
2,5,-61,-66,-71
2,5,-61,-79,-71
2,5,-61,-79,-53
2,5,-61,-43,-53
2,5,-47,-43,-53
2,5,-47,-43,-57
2,5,-47,-67,-57
2,5,-49,-67,-57
2,5,-49,-67,-38
2,5,-49,-61,-38
2,5,-47,-61,-38
2,5,-62,-61,-38
2,5,-62,-61,-57
2,5,-62,-57,-57
2,5,-64,-57,-57
2,5,-64,-57,-38
2,5,-64,-78,-38
2,5,-64,-65,-38
2,5,-64,-65,-71
2,5,-48,-65,-71
2,5,-48,-42,-71
2,5,-48,-42,-38
2,5,-61,-42,-38
2,5,-61,-51,-38
2,5,-61,-51,-71
2,5,-64,-51,-71
2,5,-64,-77,-71
2,5,-64,-77,-57
2,5,-64,-77,-71
2,5,-49,-77,-71
2,5,-49,-77,-43
2,5,-62,-77,-43
2,5,-62,-66,-43
2,5,-62,-66,-56
2,5,-63,-66,-56
2,5,-63,-42,-56
2,5,-63,-42,-56
2,5,-62,-42,-56
2,5,-62,-42,-71
2,5,-49,-42,-71
2,5,-49,-57,-71
2,5,-62,-57,-71
2,5,-62,-67,-71
2,5,-62,-67,-71
2,5,-62,-66,-71
2,5,-62,-66,-54
2,5,-47,-66,-54
2,5,-47,-66,-71
2,5,-63,-66,-71
2,5,-63,-66,-71
2,5,-63,-66,-38
2,5,-63,-66,-38
2,5,-63,-66,-56
2,5,-63,-66,-56
2,5,-63,-66,-53
2,5,-64,-66,-53
2,5,-64,-78,-53
2,5,-64,-78,-57
2,5,-64,-78,-57
2,5,-64,-66,-57
2,5,-64,-67,-57
2,5,-64,-67,-71
2,5,-49,-67,-71
2,5,-49,-42,-71
2,5,-49,-42,-37
2,5,-64,-42,-37
2,5,-64,-79,-37
2,5,-64,-79,-71
2,5,-64,-45,-71
2,5,-61,-45,-71
2,5,-61,-62,-71
2,5,-61,-62,-42
2,5,-48,-62,-42
2,5,-48,-62,-54
2,5,-47,-62,-54
2,5,-47,-62,-57
2,5,-47,-65,-57
2,5,-64,-65,-57
2,5,-64,-77,-57
2,5,-64,-77,-54
2,5,-63,-77,-54
2,5,-63,-77,-56
2,5,-48,-77,-56
2,5,-48,-77,-56
2,5,-48,-64,-56
2,5,-63,-64,-56
2,5,-63,-42,-56
2,5,-64,-42,-56
2,5,-64,-42,-70
2,5,-64,-42,-70
2,5,-64,-42,-53
2,5,-64,-42,-53
2,5,-64,-42,-53
2,5,-64,-42,-56
2,5,-64,-66,-56
2,5,-60,-66,-56
2,5,-60,-66,-42
2,5,-60,-57,-42
2,5,-64,-57,-42
2,5,-64,-57,-56
2,5,-64,-57,-56
2,5,-64,-65,-56
2,5,-64,-65,-38
2,5,-64,-78,-38
2,5,-49,-78,-38
2,5,-49,-78,-56
2,5,-49,-65,-56
2,5,-49,-65,-57
2,5,-49,-78,-57
2,5,-49,-78,-70
2,5,-49,-65,-70
2,5,-49,-65,-70
2,5,-49,-65,-37
2,5,-49,-42,-37
2,5,-63,-42,-37
2,5,-63,-42,-56
2,5,-63,-65,-56
2,5,-47,-65,-56
2,5,-47,-65,-38
2,5,-47,-57,-38
2,5,-48,-57,-38
2,5,-48,-57,-71
2,5,-48,-65,-71
2,5,-47,-65,-71
2,5,-47,-66,-71
2,5,-63,-66,-71
2,5,-63,-66,-70
2,5,-62,-66,-70
2,5,-62,-66,-56
2,5,-62,-62,-56
2,5,-64,-62,-56
2,5,-64,-62,-71
2,5,-64,-57,-71
2,5,-64,-57,-56
2,5,-64,-77,-56
2,5,-63,-77,-56
2,5,-63,-77,-70
2,5,-63,-57,-70
2,5,-63,-57,-70
2,5,-63,-57,-42
2,5,-63,-57,-54
2,5,-63,-65,-54
2,5,-47,-65,-54
2,5,-47,-65,-57
2,5,-63,-65,-57
2,5,-63,-65,-56
2,5,-63,-65,-56
2,5,-63,-65,-56
2,5,-63,-65,-56
2,5,-61,-65,-56
2,5,-61,-65,-33
2,5,-61,-65,-33
2,5,-64,-65,-33
2,5,-64,-65,-56
2,5,-64,-63,-56
2,5,-61,-63,-56
2,5,-61,-66,-56
2,5,-64,-66,-56
2,5,-64,-66,-57
2,5,-64,-42,-57
2,5,-62,-42,-57
2,5,-62,-42,-34
2,5,-62,-62,-34
2,5,-48,-62,-34
2,5,-48,-62,-43
2,5,-48,-41,-43
2,5,-47,-41,-43
2,5,-47,-41,-56
2,5,-47,-76,-56
2,5,-64,-76,-56
2,5,-64,-76,-56
2,5,-64,-66,-56
2,5,-64,-57,-56
2,5,-64,-57,-56
2,5,-64,-77,-56
2,5,-62,-77,-56
2,5,-62,-77,-54
2,5,-62,-70,-54
2,5,-62,-70,-42
2,5,-62,-77,-42
2,5,-62,-62,-42
2,5,-64,-62,-42
2,5,-64,-62,-56
2,5,-64,-65,-56
2,5,-61,-65,-56
2,5,-61,-65,-57
2,5,-61,-56,-57
2,5,-62,-56,-57
2,5,-62,-56,-70
2,5,-62,-51,-70
2,5,-46,-51,-70
2,5,-46,-51,-41
2,5,-46,-42,-41
2,5,-64,-42,-41
2,5,-64,-42,-54
2,5,-64,-42,-54
2,5,-64,-57,-54
2,5,-64,-57,-54
2,5,-64,-57,-71
2,5,-64,-62,-71
2,5,-48,-62,-71
2,5,-48,-62,-43
2,5,-48,-42,-43
2,5,-61,-42,-43
2,5,-61,-42,-71
2,5,-61,-77,-71
2,5,-49,-77,-71
2,5,-49,-77,-43
2,5,-49,-51,-43
2,5,-64,-51,-43
2,5,-64,-51,-56
2,5,-64,-78,-56
2,5,-47,-78,-56
2,5,-47,-51,-56
2,5,-62,-51,-56
2,5,-62,-51,-56
2,5,-63,-51,-56
2,5,-63,-51,-56
2,5,-63,-51,-56
2,5,-63,-63,-56
2,5,-63,-63,-71
2,5,-63,-62,-71
2,5,-47,-62,-71
2,5,-47,-62,-56
2,5,-47,-42,-56
2,5,-47,-42,-34
2,5,-47,-63,-34
2,5,-62,-63,-34
2,5,-62,-63,-56
2,5,-62,-42,-56
2,5,-63,-42,-56
2,5,-63,-42,-34
2,5,-64,-42,-34
2,5,-64,-41,-34
2,5,-64,-41,-56
2,5,-64,-41,-56
2,5,-64,-41,-54
2,5,-61,-41,-54
2,5,-61,-41,-56
2,5,-64,-41,-56
2,5,-64,-41,-70
2,5,-64,-62,-70
2,5,-64,-62,-38
2,5,-49,-62,-38
2,5,-49,-62,-56
2,5,-61,-62,-56
2,5,-61,-62,-38
2,5,-61,-57,-38
2,5,-48,-57,-38
2,5,-48,-57,-56
2,5,-47,-57,-56
2,5,-63,-57,-56
2,5,-63,-76,-56
2,5,-47,-76,-56
2,5,-47,-76,-53
2,5,-47,-42,-53
2,5,-48,-42,-53
2,5,-48,-42,-57
2,5,-61,-42,-57
2,5,-61,-42,-53
2,5,-61,-42,-37
2,5,-61,-77,-37
2,5,-47,-77,-37
2,5,-47,-77,-56
2,5,-47,-65,-56
2,5,-64,-65,-56
2,5,-64,-65,-53
2,5,-64,-42,-53
2,5,-64,-42,-56
2,5,-64,-66,-56
2,5,-64,-66,-56
2,5,-64,-66,-54
2,5,-64,-57,-54
2,5,-64,-57,-72
2,5,-64,-65,-72
2,5,-64,-65,-72
2,5,-64,-65,-38
2,5,-64,-57,-38
2,5,-64,-57,-42
2,5,-64,-66,-42
2,5,-64,-66,-53
2,5,-49,-66,-53
2,5,-49,-66,-56
2,5,-49,-65,-56
2,5,-62,-65,-56
2,5,-62,-75,-56
2,5,-63,-75,-56
2,5,-63,-75,-42
2,5,-48,-75,-42
2,5,-48,-75,-53
2,5,-63,-75,-53
2,5,-63,-75,-42
2,5,-63,-86,-42
2,5,-61,-86,-42
2,5,-61,-86,-38
2,5,-61,-59,-38
2,5,-64,-59,-38
2,5,-64,-59,-43
2,5,-64,-85,-43
2,5,-46,-85,-43
2,5,-46,-85,-74
2,5,-47,-85,-74
2,5,-47,-85,-42
2,5,-48,-85,-42
2,5,-48,-87,-42
2,5,-61,-87,-42
2,5,-61,-87,-71
2,5,-63,-87,-71
2,5,-63,-87,-38
2,5,-63,-58,-38
2,5,-62,-58,-38
2,5,-63,-58,-38
2,5,-63,-44,-38
2,5,-61,-44,-38
2,5,-61,-44,-57
2,5,-61,-67,-57
2,5,-61,-44,-57
2,5,-62,-44,-57
2,5,-64,-44,-57
2,5,-64,-44,-37
2,5,-64,-58,-37
2,5,-49,-58,-37
2,5,-49,-65,-37
2,5,-47,-65,-37
2,5,-47,-65,-57
2,5,-47,-58,-57
2,5,-64,-58,-57
2,5,-64,-58,-59
2,5,-61,-58,-59
2,5,-61,-58,-38
2,5,-61,-51,-38
2,5,-65,-51,-38
2,5,-65,-51,-43
2,5,-65,-59,-43
2,5,-64,-59,-43
2,5,-64,-51,-43
2,5,-64,-58,-43
2,5,-64,-58,-72
2,5,-62,-58,-72
2,5,-62,-58,-56
2,5,-62,-73,-56
2,5,-49,-73,-56
2,5,-49,-73,-59
2,5,-49,-73,-38
2,5,-49,-59,-38
2,5,-63,-59,-38
2,5,-63,-59,-59
2,5,-63,-43,-59
2,5,-46,-43,-59
2,5,-46,-43,-37
2,5,-46,-66,-37
2,5,-49,-66,-37
2,5,-49,-57,-37
2,5,-49,-57,-73
2,5,-49,-74,-73
2,5,-49,-74,-56
2,5,-49,-74,-56
2,5,-49,-56,-56
2,5,-49,-56,-53
2,5,-61,-56,-53
2,5,-61,-59,-53
2,5,-61,-59,-42
2,5,-64,-59,-42
2,5,-64,-42,-42
2,5,-64,-42,-38
2,5,-63,-42,-38
2,5,-63,-65,-38
2,5,-63,-65,-59
2,5,-63,-65,-59
2,5,-63,-57,-59
2,5,-63,-57,-38
2,5,-64,-57,-38
2,5,-49,-57,-38
2,5,-49,-42,-38
2,5,-49,-42,-54
2,5,-48,-42,-54
2,5,-48,-59,-54
2,5,-48,-59,-73
2,5,-48,-51,-73
2,5,-48,-51,-38
2,5,-49,-51,-38
2,5,-49,-51,-54
2,5,-49,-42,-54
2,5,-47,-42,-54
2,5,-49,-42,-54
2,5,-49,-42,-37
2,5,-49,-57,-37
2,5,-47,-57,-37
2,5,-47,-59,-37
2,5,-64,-59,-37
2,5,-64,-59,-54
2,5,-64,-51,-54
2,5,-63,-51,-54
2,5,-63,-51,-56
2,5,-63,-74,-56
2,5,-49,-74,-56
2,5,-49,-74,-53
2,5,-49,-42,-53
2,5,-47,-42,-53
2,5,-47,-42,-73
2,5,-47,-59,-73
2,5,-49,-59,-73
2,5,-49,-42,-73
2,5,-62,-42,-73
2,5,-62,-42,-73
2,5,-62,-51,-73
2,5,-62,-51,-56
2,5,-62,-43,-56
2,5,-61,-43,-56
2,5,-61,-65,-56
2,5,-49,-65,-56
2,5,-49,-65,-56
2,5,-49,-61,-56
2,5,-49,-61,-59
2,5,-49,-66,-59
2,5,-49,-66,-37
2,5,-49,-74,-37
2,5,-49,-74,-37
2,5,-49,-74,-43
2,5,-49,-43,-43
2,5,-49,-74,-43
2,5,-52,-74,-43
2,5,-52,-74,-42
2,5,-52,-51,-42
2,5,-64,-51,-42
2,5,-64,-56,-42
2,5,-63,-56,-42
2,5,-63,-56,-56
2,5,-63,-66,-56
2,5,-47,-66,-56
2,5,-47,-66,-42
2,5,-47,-66,-42
2,5,-64,-66,-42
2,5,-64,-66,-59
2,5,-64,-57,-59
2,5,-64,-57,-38
2,5,-64,-73,-38
2,5,-49,-73,-38
2,5,-49,-73,-42
2,5,-49,-42,-42
2,5,-47,-42,-42
2,5,-47,-42,-53
2,5,-47,-42,-73
2,5,-64,-42,-73
2,5,-64,-59,-73
2,5,-49,-59,-73
2,5,-49,-51,-73
2,5,-49,-51,-58
2,5,-49,-51,-58
2,5,-49,-59,-58
2,5,-49,-59,-37
2,5,-47,-59,-37
2,5,-47,-59,-73
2,5,-63,-59,-73
2,5,-63,-42,-73
2,5,-63,-42,-38
2,5,-49,-42,-38
2,5,-49,-42,-42
2,5,-61,-42,-42
2,5,-61,-59,-42
2,5,-61,-73,-42
2,5,-62,-73,-42
2,5,-62,-73,-59
2,5,-62,-73,-56
2,5,-49,-73,-56
2,5,-49,-42,-56
2,5,-49,-42,-53
2,5,-49,-66,-53
2,5,-64,-66,-53
2,5,-64,-66,-56
2,5,-64,-66,-59
2,5,-64,-75,-59
2,5,-62,-75,-59
2,5,-62,-51,-59
2,5,-64,-51,-59
2,5,-64,-74,-59
2,5,-64,-66,-59
2,5,-49,-66,-59
2,5,-49,-66,-41
2,5,-49,-75,-41
2,5,-64,-75,-41
2,5,-64,-75,-74
2,5,-64,-57,-74
2,5,-61,-57,-74
2,5,-61,-57,-42
2,5,-61,-66,-42
2,5,-49,-66,-42
2,5,-49,-66,-59
2,5,-61,-66,-59
2,5,-61,-66,-56
2,5,-61,-58,-56
2,5,-49,-58,-56
2,5,-49,-58,-33
2,5,-49,-58,-33
2,5,-49,-58,-42
2,5,-49,-65,-42
2,5,-49,-59,-42
2,5,-49,-59,-57
2,5,-63,-59,-57
2,5,-63,-51,-57
2,5,-63,-66,-57
2,5,-63,-66,-59
2,5,-49,-66,-59
2,5,-49,-42,-59
2,5,-49,-42,-37
2,5,-49,-67,-37
2,5,-49,-67,-43
2,5,-49,-67,-43
2,5,-49,-57,-43
2,5,-49,-57,-73
2,5,-47,-57,-73
2,5,-47,-66,-73
2,5,-47,-66,-56
2,5,-47,-66,-56
2,5,-47,-66,-54
2,5,-50,-66,-54
2,5,-50,-66,-41
2,5,-50,-59,-41
2,5,-47,-59,-41
2,5,-47,-66,-41
2,5,-47,-66,-42
2,5,-49,-66,-42
2,5,-49,-73,-42
2,5,-49,-73,-73
2,5,-47,-73,-73
2,5,-47,-66,-73
2,5,-47,-66,-54
2,5,-50,-66,-54
2,5,-50,-66,-59
2,5,-47,-66,-59
2,5,-47,-51,-59
2,5,-65,-51,-59
2,5,-65,-51,-56
2,5,-65,-59,-56
2,5,-65,-59,-59
2,5,-65,-65,-59
2,5,-65,-65,-53
2,5,-49,-65,-53
2,5,-49,-57,-53
2,5,-49,-57,-38
2,5,-49,-57,-73
2,5,-47,-57,-73
2,5,-47,-57,-43
2,5,-48,-57,-43
2,5,-48,-57,-59
2,5,-61,-57,-59
2,5,-61,-51,-59
2,5,-61,-51,-34
2,5,-61,-42,-34
2,5,-61,-42,-59
2,5,-47,-42,-59
2,5,-47,-74,-59
2,5,-47,-74,-42
2,5,-63,-74,-42
2,5,-63,-57,-42
2,5,-63,-57,-37
2,5,-49,-57,-37
2,5,-49,-75,-37
2,5,-49,-75,-43
2,5,-49,-75,-43
2,5,-49,-58,-43
2,5,-46,-58,-43
2,5,-46,-58,-37
2,5,-49,-58,-37
2,5,-49,-75,-37
2,5,-46,-75,-37
2,5,-46,-75,-38
2,5,-46,-65,-38
2,5,-46,-73,-38
2,5,-46,-42,-38
2,5,-50,-42,-38
2,5,-50,-72,-38
2,5,-64,-72,-38
2,5,-64,-72,-37
2,5,-64,-43,-37
2,5,-49,-43,-37
2,5,-49,-43,-78
2,5,-49,-69,-78
2,5,-63,-69,-78
2,5,-63,-69,-41
2,5,-64,-69,-41
2,5,-64,-69,-71
2,5,-64,-56,-71
2,5,-64,-56,-42
2,5,-64,-64,-42
2,5,-64,-64,-42
2,5,-64,-64,-57
2,5,-64,-62,-57
2,5,-62,-62,-57
2,5,-62,-62,-43
2,5,-62,-58,-43
2,5,-48,-58,-43
2,5,-48,-58,-53
2,5,-48,-69,-53
2,5,-49,-69,-53
2,5,-49,-69,-56
2,5,-49,-57,-56
2,5,-63,-57,-56
2,5,-63,-76,-56
2,5,-63,-76,-56
2,5,-63,-76,-69
2,5,-63,-65,-69
2,5,-62,-65,-69
2,5,-62,-65,-53
2,5,-49,-65,-53
2,5,-49,-65,-57
2,5,-49,-49,-57
2,5,-46,-49,-57
2,5,-46,-49,-53
2,5,-46,-74,-53
2,5,-63,-74,-53
2,5,-63,-61,-53
2,5,-63,-61,-69
2,5,-63,-78,-69
2,5,-63,-78,-69
2,5,-63,-78,-42
2,5,-63,-62,-42
2,5,-61,-62,-42
2,5,-61,-62,-56
2,5,-61,-77,-56
2,5,-61,-62,-56
2,5,-62,-62,-56
2,5,-62,-62,-42
2,5,-62,-61,-42
2,5,-48,-61,-42
2,5,-48,-61,-53
2,5,-48,-57,-53
2,5,-61,-57,-53
2,5,-61,-57,-57
2,5,-61,-63,-57
2,5,-49,-63,-57
2,5,-49,-43,-57
2,5,-46,-43,-57
2,5,-46,-43,-71
2,5,-46,-63,-71
2,5,-49,-63,-71
2,5,-49,-63,-53
2,5,-49,-59,-53
2,5,-61,-59,-53
2,5,-61,-59,-42
2,5,-61,-63,-42
2,5,-61,-63,-53
2,5,-61,-58,-53
2,5,-61,-58,-53
2,5,-61,-58,-42
2,5,-61,-62,-42
2,5,-61,-43,-42
2,5,-63,-43,-42
2,5,-63,-63,-42
2,5,-49,-63,-42
2,5,-49,-63,-71
2,5,-49,-57,-71
2,5,-49,-57,-71
2,5,-49,-57,-57
2,5,-49,-63,-57
2,5,-47,-63,-57
2,5,-47,-63,-71
2,5,-62,-63,-71
2,5,-62,-63,-38
2,5,-62,-49,-38
2,5,-62,-75,-38
2,5,-62,-75,-38
2,5,-62,-42,-38
2,5,-63,-42,-38
2,5,-63,-42,-53
2,5,-63,-49,-53
2,5,-63,-49,-53
2,5,-47,-49,-53
2,5,-47,-49,-53
2,5,-47,-73,-53
2,5,-49,-73,-53
2,5,-49,-73,-56
2,5,-49,-56,-56
2,5,-61,-56,-56
2,5,-61,-56,-33
2,5,-61,-59,-33
2,5,-62,-59,-33
2,5,-62,-62,-33
2,5,-63,-62,-33
2,5,-62,-62,-33
2,5,-62,-62,-57
2,5,-48,-62,-57
2,5,-48,-60,-57
2,5,-62,-60,-57
2,5,-62,-60,-57
2,5,-62,-49,-57
2,5,-63,-49,-57
2,5,-63,-49,-33
2,5,-63,-57,-33
2,5,-49,-57,-33
2,5,-49,-57,-57
2,5,-49,-49,-57
2,5,-63,-49,-57
2,5,-63,-49,-57
2,5,-63,-45,-57
2,5,-63,-45,-57
2,5,-63,-45,-56
2,5,-63,-76,-56
2,5,-49,-76,-56
2,5,-49,-42,-56
2,5,-49,-76,-56
2,5,-62,-76,-56
2,5,-62,-76,-72
2,5,-62,-64,-72
2,5,-62,-64,-72
2,5,-62,-64,-53
2,5,-62,-75,-53
2,5,-62,-75,-56
2,5,-62,-62,-56
2,5,-62,-59,-56
2,5,-64,-59,-56
2,5,-64,-59,-56
2,5,-64,-62,-56
2,5,-63,-62,-56
2,5,-63,-62,-71
2,5,-63,-59,-71
2,5,-61,-59,-71
2,5,-61,-59,-56
2,5,-61,-48,-56
2,5,-64,-48,-56
2,5,-64,-42,-56
2,5,-47,-42,-56
2,5,-47,-42,-43
2,5,-47,-59,-43
2,5,-49,-59,-43
2,5,-49,-59,-57
2,5,-49,-57,-57
2,5,-49,-57,-37
2,5,-47,-57,-37
2,5,-47,-62,-37
2,5,-47,-62,-42
2,5,-64,-62,-42
2,5,-64,-57,-42
2,5,-48,-57,-42
2,5,-48,-58,-42
2,5,-48,-48,-42
2,5,-48,-48,-37
2,5,-48,-44,-37
2,5,-62,-44,-37
2,5,-62,-62,-37
2,5,-62,-72,-37
2,5,-62,-62,-37
2,5,-62,-62,-57
2,5,-63,-62,-57
2,5,-63,-58,-57
2,5,-63,-58,-37
2,5,-48,-58,-37
2,5,-48,-42,-37
2,5,-48,-42,-71
2,5,-63,-42,-71
2,5,-63,-73,-71
2,5,-63,-73,-53
2,5,-63,-42,-53
2,5,-48,-42,-53
2,5,-48,-42,-57
2,5,-61,-42,-57
2,5,-61,-57,-57
2,5,-61,-57,-38
2,5,-63,-57,-38
2,5,-63,-62,-38
2,5,-47,-62,-38
2,5,-47,-47,-38
2,5,-47,-47,-42
2,5,-49,-47,-42
2,5,-49,-63,-42
2,5,-49,-63,-53
2,5,-49,-62,-53
2,5,-49,-62,-71
2,5,-49,-62,-56
2,5,-49,-78,-56
2,5,-63,-78,-56
2,5,-63,-78,-72
2,5,-63,-63,-72
2,5,-63,-63,-42
2,5,-63,-63,-42
2,5,-62,-63,-42
2,5,-62,-63,-57
2,5,-62,-57,-57
2,5,-62,-57,-57
2,5,-62,-57,-70
2,5,-49,-57,-70
2,5,-49,-57,-53
2,5,-49,-56,-53
2,5,-49,-56,-72
2,5,-49,-63,-72
2,5,-64,-63,-72
2,5,-64,-63,-54
2,5,-64,-42,-54
2,5,-61,-42,-54
2,5,-61,-42,-57
2,5,-49,-42,-57
2,5,-49,-42,-57
2,5,-49,-42,-53
2,5,-49,-42,-42
2,5,-49,-41,-42
2,5,-63,-41,-42
2,5,-63,-41,-38
2,5,-63,-79,-38
2,5,-64,-79,-38
2,5,-64,-79,-42
2,5,-64,-57,-42
2,5,-62,-57,-42
2,5,-62,-57,-55
2,5,-62,-48,-55
2,5,-48,-48,-55
2,5,-48,-48,-57
2,5,-48,-77,-57
2,5,-64,-77,-57
2,5,-64,-77,-37
2,5,-64,-64,-37
2,5,-61,-64,-37
2,5,-61,-64,-56
2,5,-61,-57,-56
2,5,-62,-57,-56
2,5,-62,-57,-56
2,5,-62,-63,-56
2,5,-61,-63,-56
2,5,-61,-63,-56
2,5,-61,-56,-56
2,5,-62,-56,-56
2,5,-62,-49,-56
2,5,-63,-49,-56
2,5,-63,-49,-42
2,5,-63,-47,-42
2,5,-63,-47,-42
2,5,-63,-47,-54
2,5,-63,-49,-54
2,5,-64,-49,-54
2,5,-64,-42,-54
2,5,-62,-42,-54
2,5,-62,-42,-53
2,5,-62,-63,-53
2,5,-64,-63,-53
2,5,-64,-63,-43
2,5,-64,-63,-43
2,5,-64,-63,-56
2,5,-64,-49,-56
2,5,-63,-49,-56
2,5,-63,-49,-42
2,5,-63,-42,-42
2,5,-49,-42,-42
2,5,-49,-42,-53
2,5,-49,-63,-53
2,5,-63,-63,-53
2,5,-63,-73,-53
2,5,-49,-73,-53
2,5,-49,-73,-54
2,5,-49,-42,-54
2,5,-63,-42,-54
2,5,-63,-42,-42
2,5,-63,-74,-42
2,5,-49,-74,-42
2,5,-49,-74,-56
2,5,-49,-42,-56
2,5,-47,-42,-56
2,5,-47,-42,-42
2,5,-47,-63,-42
2,5,-64,-63,-42
2,5,-64,-63,-72
2,5,-62,-63,-72
2,5,-62,-63,-72
2,5,-62,-63,-43
2,5,-62,-56,-43
2,5,-49,-56,-43
2,5,-49,-56,-54
2,5,-49,-49,-54
2,5,-62,-49,-54
2,5,-62,-49,-71
2,5,-63,-49,-71
2,5,-63,-49,-37
2,5,-63,-63,-37
2,5,-47,-63,-37
2,5,-47,-63,-70
2,5,-47,-63,-38
2,5,-47,-48,-38
2,5,-63,-48,-38
2,5,-63,-48,-56
2,5,-63,-43,-56
2,5,-62,-43,-56
2,5,-47,-43,-56
2,5,-47,-43,-57
2,5,-47,-56,-57
2,5,-62,-56,-57
2,5,-62,-49,-57
2,5,-53,-49,-57
2,5,-53,-49,-57
2,5,-53,-42,-57
2,5,-53,-73,-57
2,5,-49,-73,-57
2,5,-49,-73,-56
2,5,-49,-56,-56
2,5,-62,-56,-56
2,5,-62,-56,-58
2,5,-62,-62,-58
2,5,-49,-62,-58
2,5,-49,-62,-56
2,5,-49,-56,-56
2,5,-49,-56,-37
2,5,-49,-64,-37
2,5,-49,-64,-56
2,5,-49,-42,-56
2,5,-49,-42,-37
2,5,-62,-42,-37
2,5,-62,-42,-43
2,5,-62,-62,-43
2,5,-47,-62,-43
2,5,-47,-62,-37
2,5,-47,-72,-37
2,5,-48,-72,-37
2,5,-47,-72,-37
2,5,-47,-72,-71
2,5,-47,-59,-71
2,5,-62,-59,-71
2,5,-62,-59,-43
2,5,-62,-56,-43
2,5,-61,-56,-43
2,5,-61,-56,-53
2,5,-61,-58,-53
2,5,-64,-58,-53
2,5,-64,-58,-56
2,5,-64,-56,-56
2,5,-47,-56,-56
2,5,-47,-62,-56
2,5,-47,-57,-56
2,5,-64,-57,-56
2,5,-64,-57,-59
2,5,-64,-59,-59
2,5,-48,-59,-59
2,5,-48,-59,-56
2,5,-63,-59,-56
2,5,-63,-59,-57
2,5,-63,-73,-57
2,5,-62,-73,-57
2,5,-62,-73,-57
2,5,-61,-73,-57
2,5,-61,-73,-37
2,5,-61,-74,-37
2,5,-49,-74,-37
2,5,-49,-74,-57
2,5,-49,-49,-57
